timestamp_sec,left_pupil_mm,right_pupil_mm,left_blink,right_blink,left_gaze_x,left_gaze_y,left_gaze_z,right_gaze_x,right_gaze_y,right_gaze_z,combined_gaze_x,combined_gaze_y,combined_gaze_z,origin_x,origin_y,origin_z,light_condition,stimulus_event
0.0000,5.2986,6.7110,0.0000,0.0000,0.1610,-0.3286,0.9307,0.0139,-0.3415,0.9398,0.0909,-0.3452,0.9341,-0.1273,0.0015,0.3007,Dark,StimulusPresenter: Start()
0.0000,5.3175,6.6995,0.0000,0.0000,0.1614,-0.3274,0.9310,0.0180,-0.3402,0.9402,0.0931,-0.3437,0.9344,-0.1279,0.0014,0.3008,Dark,StimulusPresenter: Start()
0.0200,5.3175,6.6995,0.0000,0.0000,0.1614,-0.3274,0.9310,0.0180,-0.3403,0.9402,0.0931,-0.3437,0.9344,-0.1280,0.0014,0.3008,Dark,StimulusPresenter: Start()
0.0318,5.3289,6.7035,0.0000,0.0000,0.1616,-0.3270,0.9311,0.0192,-0.3398,0.9403,0.0937,-0.3432,0.9346,-0.1280,0.0014,0.3008,Dark,StimulusPresenter: Start()
0.0430,5.3315,6.6996,0.0000,0.0000,0.1616,-0.3269,0.9311,0.0198,-0.3397,0.9403,0.0940,-0.3431,0.9346,-0.1281,0.0014,0.3009,Dark,StimulusPresenter: Start()
0.0543,5.3336,6.6961,0.0000,0.0000,0.1619,-0.3263,0.9313,0.0207,-0.3390,0.9406,0.0946,-0.3424,0.9348,-0.1282,0.0014,0.3009,Dark,StimulusPresenter: Start()
0.0653,5.3289,6.7206,0.0000,0.0000,0.1625,-0.3254,0.9315,0.0222,-0.3380,0.9409,0.0956,-0.3414,0.9350,-0.1282,0.0014,0.3009,Dark,StimulusPresenter: Start()
0.0764,5.3244,6.7312,0.0000,0.0000,0.1629,-0.3249,0.9316,0.0229,-0.3376,0.9410,0.0962,-0.3409,0.9352,-0.1282,0.0014,0.3009,Dark,StimulusPresenter: Start()
0.0876,5.3183,6.7397,0.0000,0.0000,0.1636,-0.3245,0.9316,0.0240,-0.3371,0.9412,0.0971,-0.3404,0.9353,-0.1283,0.0014,0.3009,Dark,StimulusPresenter: Start()
0.0987,5.3172,6.7479,0.0000,0.0000,0.1646,-0.3232,0.9319,0.0255,-0.3359,0.9416,0.0983,-0.3392,0.9356,-0.1283,0.0014,0.3009,Dark,StimulusPresenter: Start()
0.1099,5.3210,6.7365,0.0000,0.0000,0.1653,-0.3226,0.9320,0.0264,-0.3353,0.9418,0.0991,-0.3385,0.9357,-0.1283,0.0014,0.3010,Dark,StimulusPresenter: Start()
0.1211,5.3211,6.7236,0.0000,0.0000,0.1664,-0.3217,0.9321,0.0280,-0.3343,0.9420,0.1005,-0.3376,0.9359,-0.1284,0.0014,0.3010,Dark,
0.1321,5.3099,6.7215,0.0000,0.0000,0.1670,-0.3213,0.9321,0.0288,-0.3340,0.9421,0.1011,-0.3372,0.9360,-0.1284,0.0014,0.3010,Dark,
0.1433,5.2999,6.7152,0.0000,0.0000,0.1674,-0.3212,0.9321,0.0294,-0.3339,0.9422,0.1017,-0.3370,0.9360,-0.1284,0.0014,0.3010,Dark,
0.1544,5.2831,6.7010,0.0000,0.0000,0.1681,-0.3207,0.9322,0.0304,-0.3334,0.9423,0.1025,-0.3365,0.9361,-0.1285,0.0014,0.3010,Dark,
0.1661,5.2699,6.6925,0.0000,0.0000,0.1685,-0.3207,0.9321,0.0308,-0.3335,0.9423,0.1029,-0.3366,0.9360,-0.1285,0.0013,0.3010,Dark,
0.1768,5.2602,6.6887,0.0000,0.0000,0.1688,-0.3206,0.9320,0.0311,-0.3334,0.9423,0.1032,-0.3365,0.9360,-0.1285,0.0013,0.3010,Dark,
0.1878,5.2336,6.6820,0.0000,0.0000,0.1693,-0.3204,0.9320,0.0315,-0.3332,0.9423,0.1037,-0.3363,0.9360,-0.1285,0.0013,0.3010,Dark,
0.1989,5.2213,6.6788,0.0000,0.0000,0.1697,-0.3203,0.9320,0.0318,-0.3330,0.9424,0.1040,-0.3362,0.9360,-0.1285,0.0013,0.3010,Dark,
0.2104,5.2126,6.6816,0.0000,0.0000,0.1700,-0.3202,0.9320,0.0321,-0.3330,0.9424,0.1043,-0.3361,0.9360,-0.1286,0.0013,0.3010,Dark,
0.2212,5.1908,6.6726,0.0000,0.0000,0.1705,-0.3200,0.9320,0.0324,-0.3328,0.9424,0.1047,-0.3359,0.9360,-0.1286,0.0013,0.3010,Dark,
0.2322,5.1894,6.6635,0.0000,0.0000,0.1706,-0.3200,0.9319,0.0325,-0.3328,0.9424,0.1049,-0.3359,0.9360,-0.1286,0.0013,0.3010,Dark,
0.2437,5.1891,6.6565,0.0000,0.0000,0.1710,-0.3197,0.9320,0.0329,-0.3326,0.9425,0.1053,-0.3357,0.9361,-0.1286,0.0013,0.3010,Dark,
0.2547,5.1836,6.6498,0.0000,0.0000,0.1709,-0.3199,0.9319,0.0327,-0.3328,0.9424,0.1051,-0.3359,0.9360,-0.1287,0.0013,0.3010,Dark,
0.2658,5.1825,6.6529,0.0000,0.0000,0.1707,-0.3198,0.9320,0.0325,-0.3328,0.9425,0.1049,-0.3358,0.9361,-0.1287,0.0014,0.3010,Dark,
0.2771,5.1830,6.6572,0.0000,0.0000,0.1704,-0.3198,0.9320,0.0322,-0.3327,0.9425,0.1046,-0.3358,0.9361,-0.1288,0.0014,0.3010,Dark,
0.2883,5.1832,6.6544,0.0000,0.0000,0.1693,-0.3201,0.9321,0.0321,-0.3329,0.9424,0.1039,-0.3360,0.9361,-0.1288,0.0014,0.3010,Dark,
0.2991,5.1840,6.6344,0.0000,0.0000,0.1643,-0.3212,0.9326,0.0246,-0.3340,0.9423,0.0977,-0.3372,0.9363,-0.1288,0.0015,0.3010,Dark,
0.3106,5.1716,6.6175,0.0000,0.0000,0.1486,-0.3262,0.9335,0.0101,-0.3382,0.9410,0.0825,-0.3417,0.9362,-0.1289,0.0015,0.3011,Dark,
0.3217,5.1505,6.5726,0.0000,0.0000,0.0857,-0.3444,0.9349,-0.0562,-0.3537,0.9337,0.0175,-0.3588,0.9333,-0.1289,0.0015,0.3011,Dark,
0.3326,5.1433,6.5580,0.0000,0.0000,0.0402,-0.3560,0.9336,-0.1065,-0.3632,0.9256,-0.0306,-0.3696,0.9287,-0.1289,0.0016,0.3011,Dark,
0.3439,5.1280,6.5485,0.0000,0.0000,0.0423,-0.3560,0.9335,-0.1076,-0.3634,0.9254,-0.0301,-0.3700,0.9285,-0.1289,0.0015,0.3010,Dark,
0.3550,5.1093,6.5446,0.0000,0.0000,-0.0001,-0.3688,0.9295,-0.1557,-0.3739,0.9143,-0.0756,-0.3821,0.9210,-0.1289,0.0015,0.3010,Dark,
0.3661,5.1038,6.5456,0.0000,0.0000,-0.0037,-0.3718,0.9283,-0.1615,-0.3767,0.9122,-0.0803,-0.3852,0.9194,-0.1289,0.0015,0.3009,Dark,
0.3772,5.0986,6.5464,0.0000,0.0000,-0.0180,-0.3753,0.9267,-0.1777,-0.3794,0.9080,-0.0957,-0.3884,0.9165,-0.1289,0.0015,0.3009,Dark,
0.3884,5.0989,6.5283,0.0000,0.0000,-0.0071,-0.3761,0.9266,-0.1709,-0.3808,0.9087,-0.0866,-0.3899,0.9168,-0.1289,0.0015,0.3008,Dark,
0.3994,5.1018,6.5348,0.0000,0.0000,-0.0006,-0.3754,0.9269,-0.1665,-0.3805,0.9097,-0.0811,-0.3895,0.9174,-0.1289,0.0015,0.3008,Dark,
0.4107,5.1120,6.5457,0.0000,0.0000,0.0020,-0.3757,0.9268,-0.1675,-0.3810,0.9093,-0.0803,-0.3902,0.9172,-0.1289,0.0015,0.3007,Dark,
0.4218,5.1130,6.5503,0.0000,0.0000,0.0078,-0.3743,0.9273,-0.1632,-0.3800,0.9105,-0.0752,-0.3891,0.9181,-0.1289,0.0015,0.3007,Dark,
0.4328,5.1131,6.5547,0.0000,0.0000,0.0107,-0.3737,0.9275,-0.1617,-0.3795,0.9109,-0.0729,-0.3887,0.9185,-0.1289,0.0015,0.3006,Dark,
0.4440,5.1099,6.5672,0.0000,0.0000,0.0171,-0.3722,0.9280,-0.1577,-0.3785,0.9121,-0.0676,-0.3876,0.9193,-0.1289,0.0015,0.3006,Dark,
0.4553,5.1188,6.5759,0.0000,0.0000,0.0188,-0.3716,0.9282,-0.1570,-0.3780,0.9124,-0.0664,-0.3871,0.9196,-0.1289,0.0016,0.3005,Dark,
0.4664,5.1265,6.5816,0.0000,0.0000,0.0203,-0.3710,0.9284,-0.1564,-0.3776,0.9127,-0.0653,-0.3867,0.9199,-0.1289,0.0016,0.3004,Dark,
0.4777,5.1253,6.5914,0.0000,0.0000,0.0223,-0.3708,0.9284,-0.1558,-0.3775,0.9128,-0.0640,-0.3866,0.9200,-0.1289,0.0016,0.3004,Dark,
0.4886,5.1357,6.5950,0.0000,0.0000,0.0227,-0.3705,0.9286,-0.1558,-0.3772,0.9129,-0.0638,-0.3864,0.9201,-0.1289,0.0017,0.3003,Dark,
0.4997,5.1435,6.6067,0.0000,0.0000,0.0229,-0.3702,0.9287,-0.1562,-0.3769,0.9130,-0.0638,-0.3862,0.9202,-0.1289,0.0017,0.3002,Dark,
0.5110,5.1518,6.6283,0.0000,0.0000,0.0229,-0.3701,0.9287,-0.1571,-0.3767,0.9129,-0.0643,-0.3861,0.9202,-0.1289,0.0018,0.3002,Dark,
0.5221,5.1606,6.6373,0.0000,0.0000,0.0227,-0.3699,0.9288,-0.1577,-0.3766,0.9128,-0.0647,-0.3860,0.9202,-0.1289,0.0018,0.3001,Dark,
0.5331,5.1666,6.6447,0.0000,0.0000,0.0225,-0.3698,0.9288,-0.1583,-0.3765,0.9128,-0.0651,-0.3859,0.9203,-0.1289,0.0019,0.3000,Dark,
0.5443,5.1902,6.6612,0.0000,0.0000,0.0221,-0.3695,0.9290,-0.1594,-0.3761,0.9127,-0.0659,-0.3856,0.9203,-0.1289,0.0019,0.3000,Dark,
0.5554,5.2073,6.6704,0.0000,0.0000,0.0217,-0.3694,0.9290,-0.1600,-0.3760,0.9127,-0.0663,-0.3855,0.9203,-0.1288,0.0020,0.2999,Dark,
0.5665,5.2260,6.6945,0.0000,0.0000,0.0209,-0.3694,0.9290,-0.1614,-0.3759,0.9125,-0.0674,-0.3855,0.9202,-0.1288,0.0020,0.2999,Dark,
0.5778,5.2292,6.7076,0.0000,0.0000,0.0206,-0.3694,0.9291,-0.1619,-0.3758,0.9124,-0.0679,-0.3855,0.9202,-0.1288,0.0020,0.2999,Dark,
0.5889,5.2403,6.7171,0.0000,0.0000,0.0200,-0.3696,0.9290,-0.1628,-0.3760,0.9122,-0.0686,-0.3857,0.9201,-0.1288,0.0021,0.2999,Dark,
0.5999,5.2559,6.7183,0.0000,0.0000,0.0198,-0.3701,0.9288,-0.1634,-0.3765,0.9119,-0.0690,-0.3862,0.9198,-0.1287,0.0021,0.2999,Dark,
0.6112,5.2617,6.7260,0.0000,0.0000,0.0198,-0.3700,0.9288,-0.1636,-0.3764,0.9119,-0.0691,-0.3861,0.9198,-0.1287,0.0021,0.2998,Dark,
0.6224,5.2685,6.7320,0.0000,0.0000,0.0196,-0.3702,0.9287,-0.1640,-0.3766,0.9117,-0.0694,-0.3863,0.9197,-0.1287,0.0021,0.2998,Dark,
0.6334,5.2838,6.7384,0.0000,0.0000,0.0192,-0.3704,0.9287,-0.1648,-0.3768,0.9115,-0.0700,-0.3866,0.9196,-0.1286,0.0021,0.2998,Dark,
0.6447,5.2927,6.7484,0.0000,0.0000,0.0191,-0.3703,0.9287,-0.1651,-0.3766,0.9115,-0.0702,-0.3864,0.9196,-0.1286,0.0021,0.2998,Dark,
0.6562,5.2984,6.7557,0.0000,0.0000,0.0186,-0.3706,0.9286,-0.1657,-0.3769,0.9113,-0.0708,-0.3868,0.9195,-0.1286,0.0021,0.2998,Dark,
0.6668,5.3047,6.7643,0.0000,0.0000,0.0182,-0.3709,0.9285,-0.1664,-0.3772,0.9111,-0.0713,-0.3871,0.9193,-0.1286,0.0021,0.2999,Dark,
0.6780,5.3088,6.7714,0.0000,0.0000,0.0179,-0.3713,0.9283,-0.1669,-0.3776,0.9108,-0.0717,-0.3875,0.9191,-0.1286,0.0021,0.2999,Dark,
0.6894,5.3255,6.7765,0.0000,0.0000,0.0173,-0.3718,0.9282,-0.1675,-0.3779,0.9105,-0.0723,-0.3879,0.9189,-0.1286,0.0021,0.2999,Dark,
0.7002,5.3506,6.7887,0.0000,0.0000,0.0169,-0.3720,0.9281,-0.1682,-0.3782,0.9103,-0.0728,-0.3882,0.9187,-0.1285,0.0021,0.2999,Dark,
0.7114,5.3544,6.7959,0.0000,0.0000,0.0165,-0.3724,0.9279,-0.1687,-0.3785,0.9101,-0.0733,-0.3885,0.9185,-0.1285,0.0021,0.2999,Dark,
0.7227,5.3624,6.8064,0.0000,0.0000,0.0159,-0.3728,0.9278,-0.1694,-0.3788,0.9098,-0.0740,-0.3889,0.9183,-0.1285,0.0021,0.3000,Dark,
0.7337,5.3742,6.8104,0.0000,0.0000,0.0154,-0.3729,0.9277,-0.1700,-0.3789,0.9097,-0.0745,-0.3890,0.9182,-0.1284,0.0021,0.3000,Dark,
0.7448,5.3801,6.8107,0.0000,0.0000,0.0153,-0.3735,0.9275,-0.1702,-0.3794,0.9094,-0.0747,-0.3896,0.9180,-0.1284,0.0020,0.3000,Dark,
0.7560,5.3859,6.8247,0.0000,0.0000,0.0153,-0.3730,0.9277,-0.1704,-0.3790,0.9096,-0.0747,-0.3891,0.9181,-0.1283,0.0020,0.3000,Dark,
0.7670,5.4074,6.8510,0.0000,0.0000,0.0163,-0.3719,0.9281,-0.1699,-0.3778,0.9101,-0.0740,-0.3880,0.9187,-0.1283,0.0020,0.3001,Dark,
0.7783,5.4209,6.8605,0.0000,0.0000,0.0156,-0.3729,0.9277,-0.1710,-0.3788,0.9095,-0.0749,-0.3890,0.9182,-0.1283,0.0020,0.3001,Dark,
0.7896,5.4258,6.8830,0.0000,0.0000,0.0467,-0.3538,0.9342,-0.1403,-0.3617,0.9217,-0.0436,-0.3709,0.9276,-0.1282,0.0020,0.3002,Dark,
0.8004,5.4303,6.9133,0.0000,0.0000,0.0415,-0.3562,0.9335,-0.1416,-0.3638,0.9207,-0.0470,-0.3729,0.9267,-0.1282,0.0020,0.3002,Dark,
0.8116,5.4356,6.9232,0.0000,0.0000,0.0554,-0.3478,0.9359,-0.1264,-0.3562,0.9258,-0.0323,-0.3648,0.9305,-0.1281,0.0020,0.3002,Dark,
0.8228,5.4384,6.9435,0.0000,0.0000,0.0688,-0.3396,0.9380,-0.1096,-0.3487,0.9308,-0.0171,-0.3566,0.9341,-0.1281,0.0019,0.3003,Dark,
0.8341,5.4509,6.9678,0.0000,0.0000,0.0827,-0.3318,0.9397,-0.0924,-0.3415,0.9353,-0.0015,-0.3489,0.9372,-0.1280,0.0019,0.3003,Dark,
0.8452,5.4535,6.9746,0.0000,0.0000,0.0895,-0.3276,0.9406,-0.0847,-0.3376,0.9375,0.0058,-0.3448,0.9387,-0.1280,0.0019,0.3003,Dark,
0.8563,5.4549,6.9799,0.0000,0.0000,0.0893,-0.3281,0.9404,-0.0839,-0.3381,0.9374,0.0061,-0.3452,0.9385,-0.1279,0.0019,0.3004,Dark,
0.8674,5.4513,6.9995,0.0000,0.0000,0.0921,-0.3275,0.9404,-0.0798,-0.3376,0.9379,0.0096,-0.3446,0.9387,-0.1279,0.0019,0.3004,Dark,
0.8786,5.4617,7.0134,0.0000,0.0000,0.0939,-0.3267,0.9405,-0.0776,-0.3368,0.9384,0.0116,-0.3437,0.9390,-0.1279,0.0019,0.3004,Dark,
0.8898,5.4800,7.0203,0.0000,0.0000,0.0923,-0.3282,0.9401,-0.0783,-0.3383,0.9378,0.0104,-0.3452,0.9385,-0.1279,0.0019,0.3004,Dark,
0.9008,5.4873,7.0299,0.0000,0.0000,0.0909,-0.3292,0.9399,-0.0793,-0.3392,0.9374,0.0092,-0.3461,0.9382,-0.1278,0.0019,0.3004,Dark,
0.9120,5.4980,7.0365,0.0000,0.0000,0.0914,-0.3290,0.9399,-0.0785,-0.3390,0.9375,0.0098,-0.3459,0.9382,-0.1278,0.0019,0.3005,Dark,
0.9233,5.5107,7.0418,0.0000,0.0000,0.0903,-0.3298,0.9397,-0.0796,-0.3397,0.9372,0.0087,-0.3466,0.9380,-0.1278,0.0019,0.3005,Dark,
0.9342,5.5145,7.0559,0.0000,0.0000,0.0902,-0.3298,0.9397,-0.0798,-0.3397,0.9371,0.0086,-0.3466,0.9380,-0.1278,0.0019,0.3005,Dark,
0.9455,5.5182,7.0667,0.0000,0.0000,0.0905,-0.3295,0.9398,-0.0796,-0.3394,0.9373,0.0088,-0.3463,0.9381,-0.1278,0.0019,0.3005,Dark,
0.9565,5.5213,7.0806,0.0000,0.0000,0.0905,-0.3292,0.9399,-0.0801,-0.3392,0.9373,0.0086,-0.3461,0.9382,-0.1278,0.0020,0.3005,Dark,
0.9677,5.5216,7.0851,0.0000,0.0000,0.0907,-0.3289,0.9400,-0.0802,-0.3389,0.9374,0.0087,-0.3458,0.9383,-0.1278,0.0020,0.3005,Dark,
0.9788,5.5316,7.0876,0.0000,0.0000,0.0911,-0.3286,0.9401,-0.0802,-0.3385,0.9375,0.0088,-0.3455,0.9384,-0.1277,0.0020,0.3005,Dark,
0.9901,5.5489,7.1131,0.0000,0.0000,0.0921,-0.3276,0.9403,-0.0797,-0.3375,0.9379,0.0096,-0.3446,0.9387,-0.1277,0.0020,0.3005,Dark,
1.0011,5.5559,7.1224,0.0000,0.0000,0.0927,-0.3274,0.9403,-0.0793,-0.3374,0.9380,0.0101,-0.3444,0.9388,-0.1277,0.0020,0.3005,Dark,
1.0121,5.5648,7.1293,0.0000,0.0000,0.0931,-0.3273,0.9403,-0.0791,-0.3373,0.9381,0.0104,-0.3443,0.9388,-0.1276,0.0020,0.3005,Dark,
1.0233,5.5699,7.1699,0.0000,0.0000,0.0939,-0.3269,0.9404,-0.0785,-0.3370,0.9382,0.0112,-0.3440,0.9389,-0.1276,0.0020,0.3005,Dark,
1.0345,5.5687,7.1713,0.0000,0.0000,0.0941,-0.3271,0.9403,-0.0783,-0.3371,0.9382,0.0113,-0.3441,0.9389,-0.1276,0.0020,0.3005,Dark,
1.0458,5.5744,7.1715,0.0000,0.0000,0.0946,-0.3269,0.9403,-0.0778,-0.3369,0.9383,0.0119,-0.3440,0.9389,-0.1275,0.0020,0.3005,Dark,
1.0567,5.5889,7.2244,0.0000,0.0000,0.0957,-0.3260,0.9405,-0.0769,-0.3361,0.9387,0.0128,-0.3431,0.9392,-0.1275,0.0020,0.3004,Dark,
1.0681,5.5972,7.2203,0.0000,0.0000,0.0963,-0.3257,0.9406,-0.0764,-0.3357,0.9389,0.0134,-0.3428,0.9393,-0.1275,0.0020,0.3004,Dark,
1.0791,5.6021,7.2164,0.0000,0.0000,0.0968,-0.3253,0.9406,-0.0759,-0.3354,0.9390,0.0139,-0.3425,0.9394,-0.1275,0.0020,0.3004,Dark,
1.0902,5.6080,7.2070,0.0000,0.0000,0.0976,-0.3247,0.9408,-0.0752,-0.3348,0.9393,0.0147,-0.3418,0.9396,-0.1274,0.0020,0.3003,Dark,
1.1013,5.6100,7.1953,0.0000,0.0000,0.0979,-0.3244,0.9408,-0.0749,-0.3345,0.9394,0.0150,-0.3416,0.9397,-0.1274,0.0020,0.3003,Dark,
1.1126,5.6159,7.1880,0.0000,0.0000,0.0985,-0.3240,0.9409,-0.0744,-0.3342,0.9396,0.0155,-0.3412,0.9399,-0.1274,0.0020,0.3002,Dark,
1.1237,5.6252,7.2104,0.0000,0.0000,0.0994,-0.3230,0.9412,-0.0735,-0.3332,0.9400,0.0164,-0.3402,0.9402,-0.1274,0.0020,0.3002,Dark,
1.1348,5.6283,7.2147,0.0000,0.0000,0.0998,-0.3226,0.9413,-0.0731,-0.3328,0.9402,0.0169,-0.3398,0.9404,-0.1274,0.0021,0.3001,Dark,
1.1459,5.6313,7.2180,0.0000,0.0000,0.1003,-0.3221,0.9414,-0.0726,-0.3323,0.9404,0.0173,-0.3393,0.9405,-0.1274,0.0021,0.3001,Dark,
1.1570,5.6413,7.2228,0.0000,0.0000,0.1011,-0.3212,0.9416,-0.0717,-0.3315,0.9407,0.0182,-0.3384,0.9408,-0.1275,0.0021,0.3000,Dark,
1.1682,5.6480,7.2301,0.0000,0.0000,0.1016,-0.3207,0.9417,-0.0713,-0.3310,0.9409,0.0187,-0.3379,0.9410,-0.1275,0.0021,0.3000,Dark,
1.1793,5.6462,7.2366,0.0000,0.0000,0.1020,-0.3202,0.9418,-0.0708,-0.3305,0.9411,0.0191,-0.3375,0.9411,-0.1274,0.0021,0.2999,Dark,
1.1905,5.6428,7.2282,0.0000,0.0000,0.1027,-0.3194,0.9420,-0.0700,-0.3297,0.9415,0.0199,-0.3366,0.9414,-0.1274,0.0022,0.2999,Dark,
1.2017,5.6414,7.2256,0.0000,0.0000,0.1030,-0.3190,0.9421,-0.0695,-0.3293,0.9416,0.0203,-0.3362,0.9416,-0.1274,0.0022,0.2999,Dark,
1.2127,5.6525,7.2231,0.0000,0.0000,0.1033,-0.3186,0.9423,-0.0691,-0.3289,0.9418,0.0207,-0.3358,0.9417,-0.1274,0.0023,0.2999,Dark,
1.2238,5.6703,7.2441,0.0000,0.0000,0.1038,-0.3177,0.9425,-0.0685,-0.3281,0.9422,0.0212,-0.3350,0.9420,-0.1274,0.0023,0.2999,Dark,
1.2350,5.6760,7.2524,0.0000,0.0000,0.1040,-0.3172,0.9426,-0.0682,-0.3276,0.9424,0.0214,-0.3344,0.9422,-0.1274,0.0023,0.2998,Dark,
1.2462,5.6794,7.2583,0.0000,0.0000,0.1043,-0.3170,0.9427,-0.0678,-0.3273,0.9425,0.0218,-0.3342,0.9423,-0.1273,0.0023,0.2998,Dark,
1.2572,5.6877,7.2481,0.0000,0.0000,0.1048,-0.3169,0.9427,-0.0670,-0.3273,0.9426,0.0224,-0.3341,0.9423,-0.1273,0.0023,0.2998,Dark,
1.2686,5.6934,7.2250,0.0000,0.0000,0.1052,-0.3170,0.9426,-0.0661,-0.3274,0.9426,0.0231,-0.3342,0.9422,-0.1273,0.0023,0.2999,Dark,
1.2796,5.6941,7.2063,0.0000,0.0000,0.1057,-0.3172,0.9424,-0.0652,-0.3276,0.9426,0.0238,-0.3344,0.9421,-0.1273,0.0022,0.2999,Dark,
1.2906,5.6869,7.1684,0.0000,0.0000,0.1100,-0.3180,0.9417,-0.0539,-0.3284,0.9430,0.0315,-0.3346,0.9418,-0.1273,0.0022,0.2999,Dark,
1.3022,5.6801,7.1228,0.0000,0.0000,0.1074,-0.3228,0.9404,-0.0504,-0.3329,0.9416,0.0317,-0.3388,0.9403,-0.1273,0.0021,0.2999,Dark,
1.3129,5.6375,7.0943,0.0000,0.0000,0.1050,-0.3246,0.9400,-0.0378,-0.3341,0.9418,0.0365,-0.3391,0.9400,-0.1273,0.0021,0.2999,Dark,
1.3241,5.6234,7.1030,0.0000,0.0000,0.1000,-0.3254,0.9403,-0.0351,-0.3343,0.9418,0.0352,-0.3391,0.9401,-0.1272,0.0020,0.3000,Dark,
1.3352,5.6311,7.1134,0.0000,0.0000,0.0999,-0.3264,0.9399,-0.0289,-0.3351,0.9417,0.0381,-0.3395,0.9398,-0.1272,0.0020,0.3000,Dark,
1.3463,5.6461,6.9544,0.0000,0.0000,0.0953,-0.3241,0.9412,0.0027,-0.3307,0.9437,0.0507,-0.3336,0.9414,-0.1272,0.0019,0.3000,Dark,
1.3575,5.6626,6.8977,0.0000,0.0000,0.0903,-0.3249,0.9414,0.0129,-0.3305,0.9437,0.0530,-0.3329,0.9415,-0.1272,0.0019,0.3001,Dark,
1.3687,5.6749,6.8738,0.0000,0.0000,0.0854,-0.3262,0.9414,0.0181,-0.3311,0.9434,0.0529,-0.3331,0.9414,-0.1272,0.0018,0.3001,Dark,
1.3798,5.7220,6.8353,0.0000,0.0000,0.0832,-0.3264,0.9416,0.0280,-0.3305,0.9434,0.0566,-0.3320,0.9416,-0.1272,0.0018,0.3002,Dark,
1.3909,5.7318,6.8252,0.0000,0.0000,0.0827,-0.3267,0.9415,0.0315,-0.3305,0.9433,0.0580,-0.3319,0.9415,-0.1272,0.0017,0.3002,Dark,
1.4023,5.7379,6.8146,0.0000,0.0000,0.0843,-0.3268,0.9413,0.0363,-0.3304,0.9431,0.0611,-0.3317,0.9414,-0.1272,0.0017,0.3003,Dark,
1.4134,5.7666,6.9376,0.0000,0.0000,0.0870,-0.3265,0.9412,0.0392,-0.3301,0.9431,0.0639,-0.3314,0.9413,-0.1272,0.0016,0.3004,Dark,
1.4243,5.7741,7.0180,0.0000,0.0000,0.0912,-0.3270,0.9406,0.0419,-0.3308,0.9428,0.0674,-0.3321,0.9408,-0.1271,0.0016,0.3004,Dark,
1.4356,5.7920,7.0845,0.0000,0.0000,0.0966,-0.3277,0.9398,0.0454,-0.3318,0.9423,0.0718,-0.3331,0.9401,-0.1271,0.0015,0.3005,Dark,
1.4468,5.8166,7.1315,0.0000,0.0000,0.1047,-0.3304,0.9380,0.0516,-0.3347,0.9409,0.0790,-0.3361,0.9385,-0.1270,0.0014,0.3005,Dark,
1.4579,5.8422,7.1983,0.0000,0.0000,0.1131,-0.3328,0.9362,0.0553,-0.3376,0.9397,0.0852,-0.3390,0.9369,-0.1269,0.0013,0.3006,Dark,
1.4690,5.8465,7.2264,0.0000,0.0000,0.1146,-0.3314,0.9365,0.0541,-0.3364,0.9402,0.0854,-0.3379,0.9373,-0.1268,0.0012,0.3006,Dark,
1.4802,5.8623,7.2328,0.0000,0.0000,0.1205,-0.3346,0.9346,0.0573,-0.3400,0.9387,0.0900,-0.3414,0.9356,-0.1267,0.0010,0.3007,Dark,
1.4913,5.8838,7.2729,0.0000,0.0000,0.1268,-0.3344,0.9339,0.0579,-0.3403,0.9385,0.0936,-0.3419,0.9350,-0.1266,0.0008,0.3007,Dark,
1.5024,5.8926,7.3006,0.0000,0.0000,0.1320,-0.3356,0.9327,0.0603,-0.3418,0.9378,0.0975,-0.3434,0.9341,-0.1264,0.0007,0.3007,Dark,
1.5138,5.8941,7.3186,0.0000,0.0000,0.1331,-0.3351,0.9327,0.0584,-0.3416,0.9380,0.0972,-0.3433,0.9342,-0.1262,0.0005,0.3008,Dark,
1.5246,5.9018,7.3665,0.0000,0.0000,0.1394,-0.3348,0.9319,0.0591,-0.3418,0.9379,0.1008,-0.3436,0.9337,-0.1260,0.0003,0.3008,Dark,
1.5358,5.9086,7.3791,0.0000,0.0000,0.1434,-0.3356,0.9310,0.0602,-0.3428,0.9375,0.1034,-0.3447,0.9330,-0.1257,0.0001,0.3008,Dark,
1.5470,5.9110,7.3843,0.0000,0.0000,0.1476,-0.3366,0.9300,0.0615,-0.3440,0.9370,0.1062,-0.3460,0.9322,-0.1253,-0.0001,0.3009,Dark,
1.5581,5.9277,7.3938,0.0000,0.0000,0.1538,-0.3369,0.9289,0.0620,-0.3447,0.9366,0.1097,-0.3470,0.9314,-0.1249,-0.0004,0.3009,Dark,
1.5694,5.9389,7.3814,0.0000,0.0000,0.1565,-0.3403,0.9272,0.0617,-0.3484,0.9353,0.1110,-0.3507,0.9299,-0.1244,-0.0007,0.3010,Dark,
1.5804,5.9415,7.3711,0.0000,0.0000,0.1613,-0.3423,0.9256,0.0636,-0.3506,0.9344,0.1144,-0.3530,0.9286,-0.1238,-0.0011,0.3011,Dark,
1.5914,5.9900,7.4060,0.0000,0.0000,0.1704,-0.3464,0.9225,0.0673,-0.3553,0.9323,0.1210,-0.3578,0.9259,-0.1233,-0.0015,0.3011,Dark,
1.6026,6.0278,7.4341,0.0000,0.0000,0.1736,-0.3656,0.9144,0.0686,-0.3750,0.9245,0.1232,-0.3774,0.9178,-0.1227,-0.0020,0.3012,Dark,
1.6140,6.0567,7.4572,0.0000,0.0000,0.1800,-0.3578,0.9163,0.0725,-0.3673,0.9273,0.1284,-0.3698,0.9202,-0.1220,-0.0025,0.3013,Dark,
1.6248,6.1144,7.5039,0.0000,0.0000,0.2026,-0.4092,0.8897,0.0919,-0.4209,0.9024,0.1495,-0.4224,0.8940,-0.1214,-0.0031,0.3013,Dark,
1.6359,6.1359,7.5146,0.0000,0.0000,0.1990,-0.3969,0.8960,0.0844,-0.4083,0.9090,0.1441,-0.4103,0.9005,-0.1208,-0.0037,0.3014,Dark,
1.6474,6.1469,7.5621,0.0000,0.0000,0.2054,-0.4217,0.8832,0.0878,-0.4340,0.8966,0.1490,-0.4356,0.8877,-0.1201,-0.0044,0.3016,Dark,
1.6583,6.1636,7.6020,0.0000,0.0000,0.2199,-0.4630,0.8586,0.0948,-0.4776,0.8734,0.1600,-0.4785,0.8634,-0.1195,-0.0051,0.3017,Dark,
1.6695,6.1650,7.6011,0.0000,0.0000,0.2279,-0.4777,0.8484,0.0987,-0.4934,0.8642,0.1661,-0.4940,0.8534,-0.1188,-0.0057,0.3018,Dark,
1.6806,6.1642,7.6009,0.0000,0.0000,0.2311,-0.4931,0.8387,0.0976,-0.5097,0.8548,0.1672,-0.5101,0.8437,-0.1181,-0.0064,0.3020,Dark,
1.6917,6.1721,7.6114,0.0000,0.0000,0.2430,-0.4943,0.8346,0.1013,-0.5124,0.8528,0.1753,-0.5126,0.8405,-0.1175,-0.0070,0.3022,Dark,
1.7029,6.1767,7.6160,0.0000,0.0000,0.2486,-0.5137,0.8212,0.1038,-0.5329,0.8398,0.1794,-0.5327,0.8271,-0.1168,-0.0076,0.3024,Dark,
1.7145,6.1805,7.6021,0.0000,0.0000,0.2531,-0.5154,0.8187,0.1048,-0.5352,0.8382,0.1823,-0.5350,0.8250,-0.1163,-0.0081,0.3027,Dark,
1.7251,6.1647,7.6220,0.0000,0.0000,0.2585,-0.5224,0.8126,0.1044,-0.5433,0.8330,0.1850,-0.5429,0.8192,-0.1157,-0.0085,0.3030,Dark,
1.7364,6.1810,7.6281,0.0000,0.0000,0.2619,-0.5195,0.8134,0.1050,-0.5407,0.8346,0.1871,-0.5404,0.8204,-0.1152,-0.0089,0.3033,Dark,
1.7474,6.1946,7.6188,0.0000,0.0000,0.2643,-0.5209,0.8117,0.1049,-0.5426,0.8334,0.1883,-0.5422,0.8189,-0.1148,-0.0093,0.3036,Dark,
1.7593,6.1752,7.5959,0.0000,0.0000,0.2668,-0.5227,0.8097,0.1039,-0.5449,0.8320,0.1892,-0.5445,0.8171,-0.1144,-0.0096,0.3039,Dark,
1.7698,6.1800,7.5804,0.0000,0.0000,0.2680,-0.5205,0.8107,0.1037,-0.5428,0.8334,0.1897,-0.5425,0.8183,-0.1140,-0.0100,0.3042,Dark,
1.7807,6.1827,7.5780,0.0000,0.0000,0.2687,-0.5219,0.8096,0.1025,-0.5444,0.8325,0.1895,-0.5441,0.8173,-0.1137,-0.0104,0.3045,Dark,
1.7919,6.1609,7.5828,0.0000,0.0000,0.2680,-0.5223,0.8096,0.0988,-0.5450,0.8326,0.1874,-0.5449,0.8173,-0.1134,-0.0108,0.3048,Dark,
1.8029,6.1738,7.5872,0.0000,0.0000,0.2687,-0.5247,0.8078,0.0984,-0.5476,0.8309,0.1876,-0.5475,0.8155,-0.1131,-0.0112,0.3051,Dark,
1.8143,6.1960,7.5970,0.0000,0.0000,0.2676,-0.5260,0.8073,0.0942,-0.5489,0.8305,0.1850,-0.5490,0.8151,-0.1128,-0.0116,0.3054,Dark,
1.8254,6.2064,7.6182,0.0000,0.0000,0.2672,-0.5293,0.8053,0.0916,-0.5524,0.8285,0.1836,-0.5525,0.8130,-0.1125,-0.0121,0.3056,Dark,
1.8365,6.2308,7.6356,0.0000,0.0000,0.2677,-0.5331,0.8026,0.0901,-0.5564,0.8260,0.1831,-0.5566,0.8104,-0.1122,-0.0126,0.3059,Dark,
1.8477,6.2675,7.7481,0.0000,0.0000,0.2621,-0.5537,0.7904,0.0789,-0.5773,0.8127,0.1748,-0.5776,0.7974,-0.1119,-0.0132,0.3061,Dark,
1.8588,6.2817,7.7791,0.0000,0.0000,0.2533,-0.5726,0.7797,0.0661,-0.5959,0.8003,0.1640,-0.5965,0.7857,-0.1116,-0.0137,0.3064,Dark,
1.8699,6.2771,7.8002,0.0000,0.0000,0.2542,-0.5809,0.7733,0.0635,-0.6047,0.7939,0.1632,-0.6053,0.7791,-0.1114,-0.0144,0.3067,Dark,
1.8810,6.2641,7.7883,0.0000,0.0000,0.2536,-0.5998,0.7589,0.0560,-0.6244,0.7791,0.1593,-0.6250,0.7642,-0.1111,-0.0150,0.3069,Dark,
1.8922,6.2581,7.7794,0.0000,0.0000,0.2530,-0.6089,0.7518,0.0519,-0.6338,0.7718,0.1570,-0.6344,0.7569,-0.1108,-0.0156,0.3072,Dark,
1.9033,6.2532,7.7737,0.0000,0.0000,0.2554,-0.6134,0.7473,0.0511,-0.6389,0.7676,0.1579,-0.6395,0.7524,-0.1105,-0.0162,0.3075,Dark,
1.9145,6.2508,7.7665,0.0000,0.0000,0.2574,-0.6179,0.7429,0.0473,-0.6439,0.7636,0.1572,-0.6446,0.7482,-0.1102,-0.0168,0.3077,Dark,
1.9256,6.2508,7.7484,0.0000,0.0000,0.2582,-0.6210,0.7401,0.0457,-0.6472,0.7609,0.1568,-0.6480,0.7453,-0.1099,-0.0174,0.3080,Dark,
1.9366,6.2397,7.7331,0.0000,0.0000,0.2609,-0.6216,0.7386,0.0464,-0.6482,0.7600,0.1586,-0.6490,0.7441,-0.1097,-0.0178,0.3082,Dark,
1.9479,6.2242,7.7093,0.0000,0.0000,0.2644,-0.6205,0.7383,0.0468,-0.6477,0.7605,0.1607,-0.6484,0.7441,-0.1094,-0.0182,0.3085,Dark,
1.9590,6.2195,7.7030,0.0000,0.0000,0.2647,-0.6212,0.7376,0.0453,-0.6485,0.7599,0.1602,-0.6493,0.7434,-0.1092,-0.0185,0.3088,Dark,
1.9702,6.2198,7.6998,0.0000,0.0000,0.2664,-0.6212,0.7370,0.0454,-0.6487,0.7597,0.1611,-0.6496,0.7430,-0.1090,-0.0187,0.3091,Dark,
1.9816,6.2084,7.6909,0.0000,0.0000,0.2679,-0.6194,0.7380,0.0434,-0.6472,0.7611,0.1610,-0.6482,0.7442,-0.1088,-0.0190,0.3093,Dark,
1.9925,6.1974,7.6815,0.0000,0.0000,0.2679,-0.6196,0.7378,0.0417,-0.6474,0.7610,0.1602,-0.6486,0.7441,-0.1086,-0.0191,0.3095,Dark,
2.0036,6.1939,7.6739,0.0000,0.0000,0.2696,-0.6188,0.7378,0.0420,-0.6469,0.7614,0.1613,-0.6480,0.7443,-0.1085,-0.0193,0.3098,Dark,
2.0148,6.1972,7.6608,0.0000,0.0000,0.2708,-0.6182,0.7379,0.0399,-0.6466,0.7618,0.1609,-0.6479,0.7445,-0.1083,-0.0194,0.3099,Dark,
2.0261,6.2033,7.6762,0.0000,0.0000,0.2706,-0.6188,0.7375,0.0379,-0.6471,0.7614,0.1599,-0.6486,0.7441,-0.1082,-0.0195,0.3101,Dark,
2.0370,6.2062,7.6898,0.0000,0.0000,0.2715,-0.6185,0.7374,0.0370,-0.6470,0.7616,0.1600,-0.6485,0.7442,-0.1080,-0.0197,0.3102,Dark,
2.0482,6.2132,7.6998,0.0000,0.0000,0.2725,-0.6178,0.7376,0.0343,-0.6465,0.7621,0.1592,-0.6483,0.7445,-0.1079,-0.0198,0.3103,Dark,
2.0594,6.2173,7.7058,0.0000,0.0000,0.2735,-0.6177,0.7373,0.0338,-0.6467,0.7620,0.1595,-0.6485,0.7444,-0.1078,-0.0199,0.3104,Dark,
2.0705,6.2081,7.7091,0.0000,0.0000,0.2746,-0.6167,0.7378,0.0332,-0.6458,0.7628,0.1598,-0.6476,0.7450,-0.1077,-0.0199,0.3105,Dark,
2.0817,6.1895,7.6764,0.0000,0.0000,0.2754,-0.6159,0.7381,0.0309,-0.6453,0.7633,0.1592,-0.6473,0.7454,-0.1077,-0.0200,0.3106,Dark,
2.0929,6.1804,7.6691,0.0000,0.0000,0.2752,-0.6156,0.7384,0.0292,-0.6450,0.7637,0.1583,-0.6471,0.7458,-0.1076,-0.0200,0.3106,Dark,
2.1038,6.1706,7.6637,0.0000,0.0000,0.2762,-0.6145,0.7390,0.0288,-0.6441,0.7644,0.1586,-0.6462,0.7465,-0.1076,-0.0200,0.3107,Dark,
2.1151,6.1679,7.6518,0.0000,0.0000,0.2770,-0.6139,0.7392,0.0268,-0.6437,0.7648,0.1582,-0.6460,0.7468,-0.1076,-0.0200,0.3107,Dark,
2.1263,6.1720,7.6687,0.0000,0.0000,0.2769,-0.6146,0.7386,0.0257,-0.6445,0.7642,0.1576,-0.6469,0.7461,-0.1076,-0.0200,0.3107,Dark,
2.1373,6.2119,7.6825,0.0000,0.0000,0.2835,-0.6113,0.7388,0.0308,-0.6424,0.7658,0.1636,-0.6443,0.7471,-0.1076,-0.0200,0.3107,Dark,
2.1484,6.2496,7.6825,0.0000,0.0000,0.2863,-0.6147,0.7350,0.0297,-0.6465,0.7623,0.1646,-0.6483,0.7434,-0.1076,-0.0200,0.3107,Dark,
2.1596,6.2506,7.6816,0.0000,0.0000,0.2853,-0.6128,0.7369,0.0261,-0.6446,0.7641,0.1624,-0.6467,0.7452,-0.1076,-0.0200,0.3106,Dark,
2.1707,6.2382,7.6719,0.0000,0.0000,0.2887,-0.6189,0.7305,0.0262,-0.6518,0.7580,0.1643,-0.6536,0.7388,-0.1076,-0.0200,0.3106,Dark,
2.1819,6.2162,7.6662,0.0000,0.0000,0.2907,-0.6176,0.7308,0.0266,-0.6509,0.7587,0.1656,-0.6526,0.7394,-0.1076,-0.0201,0.3105,Dark,
2.1931,6.2003,7.6536,0.0000,0.0000,0.2896,-0.6195,0.7296,0.0239,-0.6527,0.7572,0.1638,-0.6546,0.7380,-0.1077,-0.0201,0.3104,Dark,
2.2041,6.1832,7.6258,0.0000,0.0000,0.2909,-0.6190,0.7295,0.0224,-0.6526,0.7574,0.1638,-0.6545,0.7381,-0.1077,-0.0201,0.3103,Dark,
2.2153,6.1786,7.6123,0.0000,0.0000,0.2923,-0.6197,0.7284,0.0229,-0.6536,0.7565,0.1648,-0.6555,0.7370,-0.1078,-0.0202,0.3102,Dark,
2.2265,6.1723,7.6029,0.0000,0.0000,0.2928,-0.6195,0.7283,0.0223,-0.6536,0.7565,0.1649,-0.6555,0.7370,-0.1079,-0.0201,0.3101,Dark,
2.2375,6.1462,7.5969,0.0000,0.0000,0.2932,-0.6191,0.7285,0.0207,-0.6534,0.7567,0.1643,-0.6554,0.7372,-0.1079,-0.0201,0.3100,Dark,
2.2488,6.1369,7.5842,0.0000,0.0000,0.2930,-0.6191,0.7286,0.0197,-0.6534,0.7567,0.1637,-0.6554,0.7373,-0.1080,-0.0201,0.3099,Dark,
2.2598,6.1214,7.5747,0.0000,0.0000,0.2928,-0.6187,0.7291,0.0189,-0.6530,0.7572,0.1632,-0.6550,0.7378,-0.1080,-0.0200,0.3098,Dark,
2.2708,6.1117,7.5503,0.0000,0.0000,0.2905,-0.6193,0.7294,0.0151,-0.6533,0.7570,0.1602,-0.6557,0.7379,-0.1080,-0.0199,0.3097,Dark,
2.2821,6.1107,7.5411,0.0000,0.0000,0.2916,-0.6185,0.7297,0.0157,-0.6527,0.7575,0.1611,-0.6550,0.7383,-0.1081,-0.0199,0.3096,Dark,
2.2932,6.1018,7.5352,0.0000,0.0000,0.2912,-0.6185,0.7299,0.0146,-0.6525,0.7576,0.1604,-0.6550,0.7384,-0.1082,-0.0198,0.3095,Dark,
2.3043,6.0986,7.5215,0.0000,0.0000,0.2905,-0.6190,0.7297,0.0125,-0.6529,0.7573,0.1590,-0.6556,0.7382,-0.1082,-0.0197,0.3094,Dark,
2.3156,6.1015,7.5149,0.0000,0.0000,0.2902,-0.6191,0.7297,0.0116,-0.6531,0.7572,0.1584,-0.6557,0.7382,-0.1082,-0.0196,0.3093,Dark,
2.3266,6.1063,7.5100,0.0000,0.0000,0.2906,-0.6184,0.7301,0.0114,-0.6525,0.7577,0.1586,-0.6552,0.7387,-0.1083,-0.0196,0.3093,Dark,
2.3378,6.1114,7.4937,0.0000,0.0000,0.2917,-0.6177,0.7303,0.0116,-0.6520,0.7581,0.1592,-0.6546,0.7390,-0.1083,-0.0195,0.3091,Dark,
2.3489,6.1109,7.4973,0.0000,0.0000,0.2920,-0.6173,0.7305,0.0114,-0.6517,0.7584,0.1593,-0.6544,0.7392,-0.1083,-0.0194,0.3090,Dark,
2.3599,6.1036,7.5009,0.0000,0.0000,0.2929,-0.6163,0.7311,0.0119,-0.6508,0.7591,0.1600,-0.6534,0.7399,-0.1084,-0.0194,0.3090,Dark,
2.3712,6.0962,7.5394,0.0000,0.0000,0.2945,-0.6147,0.7317,0.0129,-0.6496,0.7602,0.1614,-0.6521,0.7407,-0.1084,-0.0193,0.3089,Dark,
2.3824,6.0957,7.5464,0.0000,0.0000,0.2953,-0.6140,0.7320,0.0135,-0.6490,0.7607,0.1622,-0.6515,0.7411,-0.1084,-0.0192,0.3088,Dark,
2.3935,6.0961,7.5504,0.0000,0.0000,0.2964,-0.6127,0.7326,0.0143,-0.6479,0.7616,0.1632,-0.6503,0.7419,-0.1085,-0.0192,0.3087,Dark,
2.4046,6.0895,7.5499,0.0000,0.0000,0.2972,-0.6119,0.7330,0.0148,-0.6473,0.7621,0.1639,-0.6497,0.7423,-0.1086,-0.0191,0.3086,Dark,
2.4156,6.0829,7.5522,0.0000,0.0000,0.2973,-0.6117,0.7331,0.0150,-0.6471,0.7622,0.1640,-0.6494,0.7425,-0.1086,-0.0190,0.3085,Dark,
2.4269,6.0825,7.5549,0.0000,0.0000,0.2981,-0.6107,0.7336,0.0156,-0.6463,0.7629,0.1648,-0.6486,0.7431,-0.1088,-0.0190,0.3085,Dark,
2.4381,6.0807,7.5565,0.0000,0.0000,0.2985,-0.6103,0.7338,0.0159,-0.6461,0.7631,0.1651,-0.6483,0.7433,-0.1088,-0.0189,0.3084,Dark,
2.4494,6.0798,7.5392,0.0000,0.0000,0.2985,-0.6103,0.7338,0.0159,-0.6461,0.7631,0.1651,-0.6483,0.7433,-0.1089,-0.0188,0.3084,Dark,
2.4603,6.0852,7.5243,0.0000,0.0000,0.2989,-0.6096,0.7342,0.0163,-0.6455,0.7636,0.1656,-0.6476,0.7437,-0.1090,-0.0188,0.3084,Dark,
2.4714,6.0977,7.5192,0.0000,0.0000,0.2994,-0.6093,0.7343,0.0166,-0.6453,0.7637,0.1660,-0.6474,0.7439,-0.1091,-0.0187,0.3083,Dark,
2.4826,6.1047,7.5391,0.0000,0.0000,0.2992,-0.6092,0.7344,0.0161,-0.6454,0.7637,0.1656,-0.6474,0.7439,-0.1093,-0.0186,0.3083,Dark,
2.4938,6.1009,7.5766,0.0000,0.0000,0.2994,-0.6088,0.7347,0.0159,-0.6450,0.7640,0.1657,-0.6471,0.7442,-0.1094,-0.0186,0.3083,Dark,
2.5048,6.1064,7.5908,0.0000,0.0000,0.2995,-0.6084,0.7350,0.0157,-0.6447,0.7642,0.1656,-0.6467,0.7445,-0.1095,-0.0185,0.3082,Dark,
2.5160,6.1107,7.6015,0.0000,0.0000,0.2992,-0.6084,0.7350,0.0153,-0.6448,0.7642,0.1653,-0.6468,0.7445,-0.1096,-0.0184,0.3083,Dark,
2.5271,6.1220,7.6038,0.0000,0.0000,0.2995,-0.6079,0.7353,0.0153,-0.6444,0.7645,0.1655,-0.6464,0.7449,-0.1098,-0.0184,0.3082,Dark,
2.5383,6.1108,7.5999,0.0000,0.0000,0.3001,-0.6073,0.7356,0.0157,-0.6440,0.7649,0.1660,-0.6459,0.7452,-0.1099,-0.0183,0.3083,Dark,
2.5495,6.1004,7.6137,0.0000,0.0000,0.2999,-0.6073,0.7357,0.0153,-0.6440,0.7649,0.1657,-0.6459,0.7452,-0.1100,-0.0183,0.3083,Dark,
2.5605,6.1117,7.6258,0.0000,0.0000,0.3005,-0.6067,0.7359,0.0154,-0.6436,0.7652,0.1661,-0.6455,0.7455,-0.1101,-0.0183,0.3083,Dark,
2.5716,6.1244,7.6259,0.0000,0.0000,0.3012,-0.6059,0.7363,0.0159,-0.6430,0.7657,0.1667,-0.6448,0.7460,-0.1102,-0.0183,0.3083,Dark,
2.5828,6.1359,7.6371,0.0000,0.0000,0.3011,-0.6059,0.7363,0.0156,-0.6431,0.7656,0.1666,-0.6449,0.7459,-0.1103,-0.0182,0.3083,Dark,
2.5940,6.1316,7.6514,0.0000,0.0000,0.3017,-0.6057,0.7363,0.0157,-0.6431,0.7657,0.1669,-0.6448,0.7459,-0.1104,-0.0182,0.3084,Dark,
2.6053,6.1320,7.6572,0.0000,0.0000,0.3023,-0.6053,0.7364,0.0160,-0.6428,0.7659,0.1674,-0.6444,0.7461,-0.1105,-0.0182,0.3084,Dark,
2.6163,6.1322,7.6737,0.0000,0.0000,0.3021,-0.6055,0.7363,0.0156,-0.6431,0.7657,0.1671,-0.6447,0.7459,-0.1106,-0.0182,0.3084,Dark,
2.6274,6.1346,7.6910,0.0000,0.0000,0.3027,-0.6050,0.7364,0.0157,-0.6428,0.7659,0.1675,-0.6444,0.7461,-0.1107,-0.0182,0.3084,Dark,
2.6385,6.1356,7.6943,0.0000,0.0000,0.3036,-0.6044,0.7366,0.0163,-0.6423,0.7663,0.1683,-0.6439,0.7464,-0.1107,-0.0182,0.3084,Dark,
2.6498,6.1357,7.6954,0.0000,0.0000,0.3037,-0.6044,0.7365,0.0162,-0.6424,0.7662,0.1683,-0.6440,0.7463,-0.1108,-0.0182,0.3084,Dark,
2.6608,6.1348,7.6944,0.0000,0.0000,0.3046,-0.6040,0.7365,0.0166,-0.6422,0.7664,0.1690,-0.6436,0.7464,-0.1109,-0.0182,0.3085,Dark,
2.6720,6.1457,7.6941,0.0000,0.0000,0.3058,-0.6031,0.7367,0.0176,-0.6416,0.7669,0.1702,-0.6430,0.7468,-0.1109,-0.0182,0.3085,Dark,
2.6832,6.1549,7.6990,0.0000,0.0000,0.3061,-0.6033,0.7365,0.0177,-0.6418,0.7666,0.1704,-0.6432,0.7465,-0.1110,-0.0182,0.3085,Dark,
2.6943,6.1464,7.7109,0.0000,0.0000,0.3069,-0.6029,0.7364,0.0180,-0.6417,0.7668,0.1710,-0.6429,0.7466,-0.1111,-0.0181,0.3085,Dark,
2.7055,6.1483,7.7171,0.0000,0.0000,0.3076,-0.6022,0.7368,0.0185,-0.6411,0.7673,0.1716,-0.6423,0.7470,-0.1111,-0.0181,0.3085,Dark,
2.7165,6.1494,7.7189,0.0000,0.0000,0.3077,-0.6019,0.7369,0.0183,-0.6409,0.7674,0.1716,-0.6421,0.7472,-0.1112,-0.0181,0.3085,Dark,
2.7276,6.1510,7.7163,0.0000,0.0000,0.3081,-0.6013,0.7373,0.0185,-0.6404,0.7679,0.1719,-0.6415,0.7476,-0.1113,-0.0180,0.3086,Dark,
2.7388,6.1609,7.7132,0.0000,0.0000,0.3090,-0.6004,0.7376,0.0193,-0.6396,0.7684,0.1728,-0.6408,0.7480,-0.1114,-0.0180,0.3086,Dark,
2.7501,6.1685,7.7172,0.0000,0.0000,0.3088,-0.6005,0.7376,0.0189,-0.6397,0.7684,0.1725,-0.6409,0.7480,-0.1114,-0.0179,0.3086,Dark,
2.7618,6.1781,7.7235,0.0000,0.0000,0.3093,-0.6002,0.7377,0.0191,-0.6396,0.7685,0.1729,-0.6407,0.7481,-0.1115,-0.0179,0.3086,Dark,
2.7721,6.1835,7.7257,0.0000,0.0000,0.3102,-0.5992,0.7381,0.0198,-0.6387,0.7692,0.1737,-0.6398,0.7487,-0.1115,-0.0179,0.3086,Dark,
2.7834,6.1872,7.7305,0.0000,0.0000,0.3099,-0.5993,0.7381,0.0194,-0.6389,0.7691,0.1734,-0.6399,0.7486,-0.1116,-0.0178,0.3086,Dark,
2.7945,6.1935,7.7521,0.0000,0.0000,0.3104,-0.5987,0.7383,0.0197,-0.6384,0.7694,0.1738,-0.6394,0.7489,-0.1116,-0.0178,0.3086,Dark,
2.8058,6.2098,7.7672,0.0000,0.0000,0.3136,-0.5975,0.7380,0.0228,-0.6379,0.7698,0.1771,-0.6386,0.7489,-0.1117,-0.0178,0.3086,Dark,
2.8168,6.2230,7.7878,0.0000,0.0000,0.3139,-0.5973,0.7380,0.0226,-0.6378,0.7699,0.1771,-0.6385,0.7490,-0.1117,-0.0178,0.3086,Dark,
2.8279,6.2306,7.7966,0.0000,0.0000,0.3229,-0.6122,0.7218,0.0305,-0.6553,0.7547,0.1858,-0.6545,0.7329,-0.1118,-0.0178,0.3086,Dark,
2.8392,6.2403,7.7884,0.0000,0.0000,0.3330,-0.6082,0.7206,0.0395,-0.6534,0.7559,0.1957,-0.6517,0.7328,-0.1118,-0.0178,0.3086,Dark,
2.8503,6.2471,7.7856,0.0000,0.0000,0.3273,-0.6163,0.7163,0.0318,-0.6609,0.7498,0.1888,-0.6596,0.7275,-0.1119,-0.0178,0.3086,Dark,
2.8614,6.2546,7.7855,0.0000,0.0000,0.3300,-0.6184,0.7132,0.0325,-0.6638,0.7472,0.1907,-0.6623,0.7246,-0.1119,-0.0178,0.3086,Dark,
2.8724,6.2542,7.7890,0.0000,0.0000,0.3347,-0.6154,0.7136,0.0368,-0.6618,0.7488,0.1954,-0.6598,0.7256,-0.1120,-0.0178,0.3086,Dark,
2.8836,6.2530,7.7901,0.0000,0.0000,0.3312,-0.6197,0.7115,0.0325,-0.6656,0.7456,0.1914,-0.6639,0.7229,-0.1120,-0.0177,0.3086,Dark,
2.8947,6.2658,7.7818,0.0000,0.0000,0.3329,-0.6211,0.7095,0.0333,-0.6675,0.7439,0.1927,-0.6656,0.7210,-0.1121,-0.0177,0.3086,Dark,
2.9060,6.2707,7.7747,0.0000,0.0000,0.3366,-0.6222,0.7068,0.0376,-0.6695,0.7419,0.1968,-0.6671,0.7185,-0.1121,-0.0177,0.3086,Dark,
2.9171,6.2663,7.7687,0.0000,0.0000,0.3368,-0.6225,0.7064,0.0375,-0.6699,0.7415,0.1969,-0.6674,0.7182,-0.1122,-0.0176,0.3086,Dark,
2.9282,6.2740,7.7667,0.0000,0.0000,0.3354,-0.6231,0.7066,0.0353,-0.6703,0.7413,0.1951,-0.6680,0.7182,-0.1122,-0.0176,0.3086,Dark,
2.9394,6.2755,7.7710,0.0000,0.0000,0.3343,-0.6236,0.7067,0.0338,-0.6706,0.7410,0.1938,-0.6685,0.7181,-0.1123,-0.0175,0.3086,Dark,
2.9507,6.2809,7.7755,0.0000,0.0000,0.3338,-0.6226,0.7078,0.0330,-0.6695,0.7421,0.1931,-0.6674,0.7192,-0.1123,-0.0175,0.3086,Dark,
2.9617,6.2778,7.7615,0.0000,0.0000,0.3334,-0.6233,0.7074,0.0322,-0.6701,0.7415,0.1925,-0.6681,0.7187,-0.1123,-0.0174,0.3086,Dark,
2.9727,6.2699,7.7611,0.0000,0.0000,0.3329,-0.6236,0.7074,0.0315,-0.6704,0.7414,0.1919,-0.6684,0.7186,-0.1123,-0.0174,0.3086,Dark,
2.9840,6.2608,7.7610,0.0000,0.0000,0.3330,-0.6234,0.7075,0.0315,-0.6702,0.7415,0.1920,-0.6682,0.7188,-0.1124,-0.0173,0.3086,Dark,
2.9950,6.2431,7.7715,0.0000,0.0000,0.3326,-0.6239,0.7072,0.0307,-0.6707,0.7411,0.1914,-0.6688,0.7184,-0.1124,-0.0173,0.3085,Dark,
3.0063,6.2360,7.7776,0.0000,0.0000,0.3319,-0.6244,0.7071,0.0297,-0.6711,0.7407,0.1905,-0.6693,0.7182,-0.1124,-0.0173,0.3085,Dark,
3.0175,6.2290,7.7817,0.0000,0.0000,0.3320,-0.6241,0.7073,0.0296,-0.6708,0.7411,0.1905,-0.6689,0.7185,-0.1124,-0.0173,0.3085,Dark,
3.0284,6.2216,7.7736,0.0000,0.0000,0.3320,-0.6247,0.7068,0.0293,-0.6714,0.7405,0.1904,-0.6696,0.7179,-0.1124,-0.0172,0.3084,Dark,
3.0395,6.2205,7.7694,0.0000,0.0000,0.3315,-0.6252,0.7065,0.0288,-0.6719,0.7401,0.1899,-0.6701,0.7176,-0.1124,-0.0172,0.3084,Dark,
3.0509,6.2220,7.7662,0.0000,0.0000,0.3321,-0.6251,0.7064,0.0294,-0.6719,0.7400,0.1905,-0.6700,0.7175,-0.1124,-0.0172,0.3084,Dark,
3.0619,6.2227,7.7675,0.0000,0.0000,0.3317,-0.6257,0.7060,0.0292,-0.6725,0.7395,0.1902,-0.6706,0.7170,-0.1125,-0.0171,0.3083,Dark,
3.0730,6.2219,7.7695,0.0000,0.0000,0.3312,-0.6264,0.7056,0.0287,-0.6731,0.7390,0.1896,-0.6713,0.7166,-0.1125,-0.0171,0.3083,Dark,
3.0843,6.2269,7.7710,0.0000,0.0000,0.3317,-0.6261,0.7057,0.0292,-0.6730,0.7391,0.1902,-0.6710,0.7167,-0.1125,-0.0171,0.3083,Dark,
3.0954,6.2303,7.7724,0.0000,0.0000,0.3323,-0.6260,0.7055,0.0300,-0.6730,0.7390,0.1909,-0.6710,0.7165,-0.1125,-0.0170,0.3082,Dark,
3.1065,6.2296,7.7728,0.0000,0.0000,0.3321,-0.6263,0.7053,0.0298,-0.6733,0.7388,0.1907,-0.6712,0.7163,-0.1126,-0.0170,0.3082,Dark,
3.1177,6.2364,7.7711,0.0000,0.0000,0.3324,-0.6260,0.7054,0.0303,-0.6731,0.7390,0.1911,-0.6710,0.7164,-0.1126,-0.0170,0.3082,Dark,
3.1288,6.2351,7.7694,0.0000,0.0000,0.3323,-0.6260,0.7055,0.0302,-0.6730,0.7390,0.1910,-0.6709,0.7165,-0.1126,-0.0169,0.3082,Dark,
3.1399,6.2341,7.7697,0.0000,0.0000,0.3317,-0.6265,0.7053,0.0296,-0.6735,0.7386,0.1904,-0.6715,0.7162,-0.1126,-0.0169,0.3081,Dark,
3.1511,6.2316,7.7701,0.0000,0.0000,0.3318,-0.6267,0.7051,0.0298,-0.6738,0.7383,0.1905,-0.6717,0.7159,-0.1126,-0.0169,0.3081,Dark,
3.1622,6.2253,7.7703,0.0000,0.0000,0.3324,-0.6263,0.7052,0.0305,-0.6735,0.7386,0.1912,-0.6713,0.7161,-0.1127,-0.0169,0.3081,Dark,
3.1733,6.2204,7.7744,0.0000,0.0000,0.3318,-0.6269,0.7049,0.0300,-0.6740,0.7382,0.1906,-0.6718,0.7158,-0.1127,-0.0168,0.3081,Dark,
3.1845,6.2300,7.7792,0.0000,0.0000,0.3317,-0.6269,0.7049,0.0299,-0.6740,0.7381,0.1905,-0.6718,0.7158,-0.1127,-0.0168,0.3081,Dark,
3.1956,6.2425,7.7803,0.0000,0.0000,0.3323,-0.6263,0.7052,0.0305,-0.6735,0.7386,0.1911,-0.6713,0.7161,-0.1127,-0.0168,0.3081,Dark,
3.2068,6.2529,7.7762,0.0000,0.0000,0.3321,-0.6266,0.7051,0.0303,-0.6737,0.7384,0.1909,-0.6715,0.7160,-0.1127,-0.0168,0.3081,Dark,
3.2180,6.2525,7.7719,0.0000,0.0000,0.3323,-0.6268,0.7048,0.0306,-0.6740,0.7381,0.1911,-0.6718,0.7156,-0.1128,-0.0168,0.3082,Dark,
3.2290,6.2611,7.7719,0.0000,0.0000,0.3328,-0.6264,0.7049,0.0312,-0.6738,0.7383,0.1917,-0.6715,0.7158,-0.1128,-0.0168,0.3081,Dark,
3.2401,6.2677,7.7695,0.0000,0.0000,0.3323,-0.6269,0.7046,0.0307,-0.6743,0.7379,0.1913,-0.6719,0.7155,-0.1128,-0.0168,0.3081,Dark,
3.2513,6.2749,7.7724,0.0000,0.0000,0.3326,-0.6270,0.7044,0.0312,-0.6744,0.7377,0.1916,-0.6721,0.7153,-0.1128,-0.0168,0.3081,Dark,
3.2624,6.2676,7.7759,0.0000,0.0000,0.3330,-0.6264,0.7048,0.0316,-0.6739,0.7381,0.1921,-0.6715,0.7157,-0.1129,-0.0168,0.3081,Dark,
3.2737,6.2604,7.7822,0.0000,0.0000,0.3323,-0.6273,0.7043,0.0308,-0.6747,0.7374,0.1913,-0.6723,0.7151,-0.1129,-0.0168,0.3082,Dark,
3.2847,6.2674,7.7878,0.0000,0.0000,0.3323,-0.6277,0.7039,0.0308,-0.6752,0.7370,0.1913,-0.6728,0.7147,-0.1129,-0.0168,0.3082,Dark,
3.2958,6.2716,7.7873,0.0000,0.0000,0.3328,-0.6274,0.7040,0.0313,-0.6749,0.7372,0.1918,-0.6725,0.7148,-0.1129,-0.0169,0.3082,Dark,
3.3070,6.2781,7.7961,0.0000,0.0000,0.3330,-0.6274,0.7039,0.0314,-0.6750,0.7372,0.1920,-0.6725,0.7147,-0.1129,-0.0169,0.3082,Dark,
3.3182,6.2790,7.8007,0.0000,0.0000,0.3327,-0.6280,0.7035,0.0311,-0.6754,0.7368,0.1916,-0.6730,0.7143,-0.1129,-0.0169,0.3082,Dark,
3.3293,6.2783,7.8045,0.0000,0.0000,0.3330,-0.6277,0.7037,0.0313,-0.6752,0.7370,0.1919,-0.6728,0.7145,-0.1129,-0.0168,0.3083,Dark,
3.3403,6.2752,7.7997,0.0000,0.0000,0.3340,-0.6271,0.7037,0.0325,-0.6748,0.7373,0.1930,-0.6723,0.7147,-0.1129,-0.0168,0.3083,Dark,
3.3516,6.2727,7.7967,0.0000,0.0000,0.3336,-0.6273,0.7037,0.0320,-0.6750,0.7371,0.1926,-0.6725,0.7146,-0.1129,-0.0168,0.3083,Dark,
3.3627,6.2708,7.7988,0.0000,0.0000,0.3338,-0.6272,0.7037,0.0322,-0.6749,0.7372,0.1928,-0.6724,0.7147,-0.1129,-0.0167,0.3084,Dark,
3.3740,6.2909,7.8051,0.0000,0.0000,0.3341,-0.6268,0.7039,0.0325,-0.6745,0.7375,0.1931,-0.6720,0.7149,-0.1129,-0.0167,0.3084,Dark,
3.3849,6.2918,7.8092,0.0000,0.0000,0.3342,-0.6264,0.7042,0.0327,-0.6742,0.7378,0.1933,-0.6717,0.7152,-0.1130,-0.0167,0.3084,Dark,
3.3962,6.2923,7.8134,0.0000,0.0000,0.3343,-0.6263,0.7043,0.0327,-0.6741,0.7379,0.1933,-0.6715,0.7153,-0.1130,-0.0166,0.3084,Dark,
3.4073,6.2853,7.8256,0.0000,0.0000,0.3344,-0.6263,0.7042,0.0328,-0.6742,0.7378,0.1934,-0.6716,0.7152,-0.1130,-0.0166,0.3084,Dark,
3.4184,6.2756,7.8331,0.0000,0.0000,0.3343,-0.6261,0.7044,0.0327,-0.6740,0.7380,0.1933,-0.6714,0.7154,-0.1130,-0.0166,0.3084,Dark,
3.4299,6.2710,7.8360,0.0000,0.0000,0.3343,-0.6260,0.7045,0.0326,-0.6739,0.7381,0.1932,-0.6713,0.7155,-0.1130,-0.0165,0.3084,Dark,
3.4407,6.2738,7.8351,0.0000,0.0000,0.3341,-0.6259,0.7047,0.0324,-0.6737,0.7383,0.1931,-0.6711,0.7157,-0.1131,-0.0165,0.3084,Dark,
3.4518,6.2706,7.8337,0.0000,0.0000,0.3341,-0.6254,0.7052,0.0324,-0.6732,0.7388,0.1931,-0.6706,0.7162,-0.1131,-0.0164,0.3085,Dark,
3.4631,6.2805,7.8287,0.0000,0.0000,0.3341,-0.6249,0.7056,0.0323,-0.6727,0.7392,0.1930,-0.6702,0.7166,-0.1131,-0.0163,0.3085,Dark,
3.4742,6.2903,7.8327,0.0000,0.0000,0.3339,-0.6248,0.7058,0.0320,-0.6726,0.7393,0.1928,-0.6701,0.7168,-0.1131,-0.0163,0.3085,Dark,
3.4852,6.3000,7.8362,0.0000,0.0000,0.3339,-0.6243,0.7062,0.0320,-0.6721,0.7398,0.1928,-0.6696,0.7173,-0.1132,-0.0162,0.3085,Dark,
3.4965,6.3098,7.8387,0.0000,0.0000,0.3339,-0.6243,0.7062,0.0318,-0.6721,0.7398,0.1927,-0.6696,0.7173,-0.1132,-0.0162,0.3085,Dark,
3.5075,6.3096,7.8396,0.0000,0.0000,0.3339,-0.6241,0.7064,0.0318,-0.6719,0.7400,0.1927,-0.6694,0.7175,-0.1132,-0.0162,0.3085,Dark,
3.5187,6.3181,7.8399,0.0000,0.0000,0.3341,-0.6238,0.7065,0.0320,-0.6716,0.7402,0.1929,-0.6691,0.7177,-0.1131,-0.0161,0.3085,Dark,
3.5300,6.3042,7.8384,0.0000,0.0000,0.3342,-0.6238,0.7065,0.0320,-0.6716,0.7402,0.1930,-0.6691,0.7177,-0.1131,-0.0161,0.3084,Dark,
3.5410,6.2866,7.8266,0.0000,0.0000,0.3325,-0.6247,0.7065,0.0295,-0.6722,0.7398,0.1908,-0.6699,0.7175,-0.1131,-0.0161,0.3084,Dark,
3.5521,6.2796,7.8167,0.0000,0.0000,0.3195,-0.6235,0.7136,0.0172,-0.6678,0.7441,0.1777,-0.6671,0.7234,-0.1130,-0.0160,0.3083,Dark,
3.5633,6.2379,7.7208,0.0000,0.0000,0.2690,-0.6097,0.7456,-0.0402,-0.6425,0.7652,0.1226,-0.6487,0.7511,-0.1130,-0.0160,0.3083,Dark,
3.5744,6.2104,7.6882,0.0000,0.0000,0.2443,-0.6012,0.7608,-0.0731,-0.6285,0.7744,0.0931,-0.6384,0.7640,-0.1129,-0.0159,0.3082,Dark,
3.5858,6.1654,7.6648,0.0000,0.0000,0.2045,-0.5970,0.7758,-0.1142,-0.6160,0.7795,0.0514,-0.6304,0.7746,-0.1129,-0.0159,0.3082,Dark,
3.5967,6.0931,7.6380,0.0000,0.0000,0.1746,-0.5929,0.7861,-0.1449,-0.6059,0.7822,0.0201,-0.6236,0.7815,-0.1129,-0.0158,0.3082,Dark,
3.6079,6.0683,7.6483,0.0000,0.0000,0.1668,-0.5916,0.7888,-0.1512,-0.6031,0.7832,0.0128,-0.6214,0.7834,-0.1128,-0.0157,0.3081,Dark,
3.6189,6.0593,7.6570,0.0000,0.0000,0.1635,-0.5922,0.7890,-0.1531,-0.6031,0.7828,0.0101,-0.6216,0.7833,-0.1128,-0.0156,0.3081,Dark,
3.6304,6.0608,7.6658,0.0000,0.0000,0.1614,-0.5946,0.7876,-0.1527,-0.6053,0.7813,0.0092,-0.6236,0.7817,-0.1128,-0.0155,0.3081,Dark,
3.6412,6.0661,7.6789,0.0000,0.0000,0.1687,-0.5975,0.7840,-0.1438,-0.6095,0.7796,0.0174,-0.6269,0.7789,-0.1128,-0.0154,0.3080,Dark,
3.6524,6.0579,7.6886,0.0000,0.0000,0.1617,-0.5968,0.7859,-0.1500,-0.6075,0.7800,0.0107,-0.6255,0.7801,-0.1128,-0.0153,0.3080,Dark,
3.6635,6.0667,7.7122,0.0000,0.0000,0.1662,-0.5998,0.7827,-0.1435,-0.6116,0.7781,0.0163,-0.6288,0.7774,-0.1128,-0.0152,0.3079,Dark,
3.6757,6.0807,7.7136,0.0000,0.0000,0.1671,-0.6001,0.7823,-0.1416,-0.6120,0.7780,0.0177,-0.6291,0.7771,-0.1127,-0.0151,0.3079,Dark,
3.6863,6.0806,7.7090,0.0000,0.0000,0.1679,-0.6014,0.7811,-0.1389,-0.6136,0.7773,0.0194,-0.6303,0.7761,-0.1127,-0.0150,0.3078,Dark,
3.6970,6.0828,7.7051,0.0000,0.0000,0.1696,-0.6019,0.7804,-0.1362,-0.6144,0.7771,0.0217,-0.6308,0.7756,-0.1127,-0.0149,0.3078,Dark,
3.7086,6.0827,7.7055,0.0000,0.0000,0.1701,-0.6020,0.7802,-0.1348,-0.6147,0.7772,0.0227,-0.6309,0.7755,-0.1127,-0.0148,0.3077,Dark,
3.7197,6.0884,7.7046,0.0000,0.0000,0.1713,-0.6021,0.7798,-0.1319,-0.6151,0.7773,0.0248,-0.6310,0.7754,-0.1127,-0.0147,0.3076,Dark,
3.7305,6.0902,7.7029,0.0000,0.0000,0.1717,-0.6013,0.7803,-0.1307,-0.6145,0.7780,0.0256,-0.6302,0.7760,-0.1127,-0.0146,0.3076,Dark,
3.7422,6.0913,7.7015,0.0000,0.0000,0.1708,-0.6021,0.7799,-0.1307,-0.6152,0.7775,0.0251,-0.6309,0.7754,-0.1127,-0.0145,0.3075,Dark,
3.7529,6.0751,7.7029,0.0000,0.0000,0.1707,-0.6017,0.7803,-0.1293,-0.6148,0.7780,0.0257,-0.6303,0.7759,-0.1127,-0.0144,0.3075,Dark,
3.7651,6.0829,7.7053,0.0000,0.0000,0.1693,-0.6021,0.7803,-0.1302,-0.6150,0.7777,0.0246,-0.6306,0.7757,-0.1127,-0.0143,0.3074,Dark,
3.7754,6.0901,7.7058,0.0000,0.0000,0.1690,-0.6021,0.7803,-0.1298,-0.6150,0.7777,0.0246,-0.6306,0.7758,-0.1128,-0.0142,0.3074,Dark,
3.7865,6.1026,7.7135,0.0000,0.0000,0.1674,-0.6029,0.7800,-0.1301,-0.6157,0.7772,0.0236,-0.6311,0.7753,-0.1128,-0.0141,0.3073,Dark,
3.7975,6.1094,7.7193,0.0000,0.0000,0.1662,-0.6033,0.7800,-0.1307,-0.6158,0.7769,0.0226,-0.6314,0.7752,-0.1129,-0.0141,0.3072,Dark,
3.8088,6.1134,7.7345,0.0000,0.0000,0.1649,-0.6036,0.7801,-0.1315,-0.6159,0.7768,0.0216,-0.6315,0.7751,-0.1129,-0.0140,0.3072,Dark,
3.8197,6.1103,7.7476,0.0000,0.0000,0.1625,-0.6044,0.7800,-0.1329,-0.6163,0.7762,0.0196,-0.6320,0.7747,-0.1129,-0.0139,0.3071,Dark,
3.8308,6.1165,7.7468,0.0000,0.0000,0.1609,-0.6051,0.7797,-0.1341,-0.6169,0.7755,0.0182,-0.6326,0.7743,-0.1129,-0.0139,0.3071,Dark,
3.8461,6.1298,7.7559,0.0000,0.0000,0.1604,-0.6047,0.7801,-0.1341,-0.6165,0.7759,0.0179,-0.6321,0.7747,-0.1130,-0.0138,0.3071,Dark,
3.8539,6.1364,7.7514,0.0000,0.0000,0.1602,-0.6042,0.7806,-0.1340,-0.6159,0.7763,0.0179,-0.6316,0.7751,-0.1130,-0.0137,0.3071,Dark,
3.8641,6.1440,7.7483,0.0000,0.0000,0.1598,-0.6036,0.7811,-0.1341,-0.6153,0.7768,0.0176,-0.6310,0.7756,-0.1131,-0.0136,0.3071,Dark,
3.8759,6.1492,7.7428,0.0000,0.0000,0.1594,-0.6032,0.7815,-0.1343,-0.6148,0.7771,0.0173,-0.6305,0.7760,-0.1131,-0.0135,0.3071,Dark,
3.8865,6.1421,7.7340,0.0000,0.0000,0.1603,-0.6025,0.7819,-0.1327,-0.6143,0.7778,0.0186,-0.6298,0.7765,-0.1131,-0.0134,0.3071,Dark,
3.8986,6.1474,7.7306,0.0000,0.0000,0.1607,-0.6016,0.7825,-0.1321,-0.6135,0.7786,0.0191,-0.6289,0.7773,-0.1132,-0.0133,0.3071,Dark,
3.9086,6.1520,7.7298,0.0000,0.0000,0.1585,-0.6022,0.7825,-0.1340,-0.6137,0.7780,0.0170,-0.6293,0.7770,-0.1132,-0.0132,0.3071,Dark,
3.9201,6.0314,7.5894,0.0000,0.0000,0.1524,-0.5705,0.8070,-0.1420,-0.5809,0.8015,0.0098,-0.5975,0.8018,-0.1133,-0.0131,0.3072,Dark,
3.9311,5.9534,7.4992,0.0000,0.0000,0.1399,-0.5241,0.8401,-0.1557,-0.5322,0.8322,-0.0036,-0.5504,0.8349,-0.1133,-0.0130,0.3072,Dark,
3.9422,5.8913,7.3951,0.0000,0.0000,0.1314,-0.4669,0.8745,-0.1649,-0.4738,0.8651,-0.0126,-0.4930,0.8700,-0.1134,-0.0129,0.3072,Dark,
3.9542,5.8038,7.2606,0.0000,0.0000,0.1297,-0.4836,0.8656,-0.1581,-0.4906,0.8569,-0.0101,-0.5089,0.8608,-0.1135,-0.0128,0.3072,Dark,
3.9663,5.7878,7.2465,0.0000,0.0000,0.1209,-0.4420,0.8888,-0.1650,-0.4480,0.8787,-0.0182,-0.4667,0.8842,-0.1135,-0.0128,0.3072,Dark,
3.9759,5.7815,7.2492,0.0000,0.0000,0.1146,-0.4189,0.9008,-0.1676,-0.4242,0.8899,-0.0228,-0.4429,0.8963,-0.1136,-0.0127,0.3073,Dark,
3.9868,5.7821,7.2593,0.0000,0.0000,0.1089,-0.4099,0.9056,-0.1640,-0.4149,0.8950,-0.0240,-0.4329,0.9011,-0.1136,-0.0126,0.3073,Dark,
3.9978,5.7785,7.2613,0.0000,0.0000,0.1064,-0.4078,0.9069,-0.1622,-0.4127,0.8963,-0.0244,-0.4304,0.9023,-0.1137,-0.0126,0.3073,Dark,
4.0090,5.7752,7.2465,0.0000,0.0000,0.1041,-0.4060,0.9079,-0.1604,-0.4109,0.8975,-0.0247,-0.4282,0.9033,-0.1137,-0.0126,0.3073,Dark,
4.0201,5.7624,7.2044,0.0000,0.0000,0.1002,-0.4039,0.9093,-0.1569,-0.4086,0.8991,-0.0250,-0.4254,0.9047,-0.1138,-0.0126,0.3073,Dark,
4.0311,5.7370,7.1826,0.0000,0.0000,0.0979,-0.4031,0.9099,-0.1558,-0.4077,0.8997,-0.0257,-0.4242,0.9052,-0.1138,-0.0125,0.3074,Dark,
4.0423,5.7166,7.1501,0.0000,0.0000,0.0956,-0.4025,0.9104,-0.1551,-0.4071,0.9001,-0.0265,-0.4233,0.9056,-0.1139,-0.0126,0.3074,Dark,
4.0538,5.6698,7.0565,0.0000,0.0000,0.0925,-0.4015,0.9112,-0.1528,-0.4060,0.9010,-0.0270,-0.4218,0.9063,-0.1139,-0.0125,0.3075,Dark,
4.0645,5.6262,7.0017,0.0000,0.0000,0.0911,-0.4016,0.9113,-0.1517,-0.4061,0.9012,-0.0271,-0.4217,0.9063,-0.1139,-0.0126,0.3075,Dark,
4.0759,5.5929,6.9438,0.0000,0.0000,0.0901,-0.4017,0.9113,-0.1501,-0.4062,0.9014,-0.0269,-0.4216,0.9064,-0.1140,-0.0126,0.3075,Dark,
4.0871,5.5697,6.9003,0.0000,0.0000,0.0872,-0.3938,0.9150,-0.1508,-0.3981,0.9049,-0.0288,-0.4134,0.9101,-0.1140,-0.0126,0.3075,Dark,
4.0980,5.4694,6.7957,0.0000,0.0000,0.0875,-0.4019,0.9115,-0.1461,-0.4064,0.9020,-0.0263,-0.4212,0.9066,-0.1140,-0.0127,0.3076,Dark,
4.1093,5.4241,6.7427,0.0000,0.0000,0.0868,-0.4021,0.9115,-0.1447,-0.4065,0.9021,-0.0259,-0.4212,0.9066,-0.1140,-0.0127,0.3076,Dark,
4.1204,5.3261,6.6478,0.0000,0.0000,0.0854,-0.4024,0.9115,-0.1425,-0.4068,0.9024,-0.0256,-0.4211,0.9066,-0.1140,-0.0127,0.3076,Dark,
4.1313,5.2680,6.6074,0.0000,0.0000,0.0849,-0.4023,0.9116,-0.1414,-0.4067,0.9026,-0.0253,-0.4209,0.9067,-0.1140,-0.0127,0.3076,Dark,
4.1428,5.2275,6.5810,0.0000,0.0000,0.0844,-0.4029,0.9114,-0.1407,-0.4073,0.9024,-0.0252,-0.4214,0.9065,-0.1140,-0.0127,0.3077,Dark,
4.1542,5.1569,6.5053,0.0000,0.0000,0.0846,-0.4030,0.9113,-0.1379,-0.4075,0.9028,-0.0237,-0.4213,0.9066,-0.1140,-0.0127,0.3076,Dark,
4.1649,5.1128,6.4592,0.0000,0.0000,0.0863,-0.4012,0.9119,-0.1351,-0.4059,0.9039,-0.0214,-0.4196,0.9075,-0.1140,-0.0127,0.3076,Dark,
4.1761,5.0799,6.3778,0.0000,0.0000,0.0860,-0.4013,0.9119,-0.1342,-0.4059,0.9040,-0.0212,-0.4196,0.9075,-0.1140,-0.0127,0.3076,Dark,
4.1874,4.9581,6.2643,0.0000,0.0000,0.0859,-0.4014,0.9119,-0.1322,-0.4061,0.9042,-0.0202,-0.4195,0.9075,-0.1140,-0.0127,0.3076,Dark,
4.1984,4.8821,6.1885,0.0000,0.0000,0.0866,-0.3732,0.9237,-0.1297,-0.3780,0.9167,-0.0186,-0.3913,0.9201,-0.1140,-0.0127,0.3076,Dark,
4.2101,4.8264,6.1186,0.0000,0.0000,0.0884,-0.3554,0.9305,-0.1247,-0.3604,0.9244,-0.0152,-0.3733,0.9276,-0.1139,-0.0126,0.3077,Dark,
4.2208,4.7526,6.0395,0.0000,0.0000,0.0864,-0.3631,0.9277,-0.1215,-0.3680,0.9218,-0.0147,-0.3805,0.9247,-0.1139,-0.0126,0.3076,Dark,
4.2318,4.7251,6.0066,0.0000,0.0000,0.0889,-0.3377,0.9370,-0.1162,-0.3428,0.9322,-0.0107,-0.3550,0.9348,-0.1139,-0.0126,0.3077,Dark,
4.2432,4.7065,5.9852,0.0000,0.0000,0.0871,-0.3434,0.9351,-0.1158,-0.3484,0.9302,-0.0115,-0.3604,0.9327,-0.1139,-0.0126,0.3077,Dark,
4.2541,4.6850,5.9264,0.0000,0.0000,0.0870,-0.3295,0.9401,-0.1113,-0.3345,0.9358,-0.0093,-0.3461,0.9381,-0.1138,-0.0126,0.3077,Dark,
4.2652,4.6626,5.9017,0.0000,0.0000,0.0849,-0.3277,0.9410,-0.1114,-0.3325,0.9365,-0.0105,-0.3441,0.9389,-0.1138,-0.0126,0.3077,Dark,
4.2764,4.6454,5.8836,0.0000,0.0000,0.0860,-0.3203,0.9434,-0.1084,-0.3251,0.9394,-0.0084,-0.3365,0.9416,-0.1137,-0.0126,0.3077,Dark,
4.2876,4.6082,5.8331,0.0000,0.0000,0.0847,-0.3132,0.9459,-0.1064,-0.3179,0.9421,-0.0081,-0.3291,0.9443,-0.1137,-0.0126,0.3077,Dark,
4.2986,4.5927,5.8181,0.0000,0.0000,0.0821,-0.3239,0.9425,-0.1077,-0.3285,0.9384,-0.0101,-0.3396,0.9405,-0.1136,-0.0126,0.3077,Dark,
4.3099,4.5821,5.7919,0.0000,0.0000,0.0815,-0.3234,0.9428,-0.1068,-0.3279,0.9387,-0.0100,-0.3390,0.9407,-0.1135,-0.0126,0.3077,Dark,
4.3210,4.5540,5.7585,0.0000,0.0000,0.0818,-0.3131,0.9462,-0.1038,-0.3176,0.9425,-0.0083,-0.3285,0.9445,-0.1134,-0.0126,0.3077,Dark,
4.3320,4.5370,5.7398,0.0000,0.0000,0.0813,-0.3141,0.9459,-0.1032,-0.3186,0.9423,-0.0084,-0.3294,0.9442,-0.1133,-0.0126,0.3077,Dark,
4.3431,4.5209,5.7257,0.0000,0.0000,0.0809,-0.3155,0.9455,-0.1026,-0.3199,0.9419,-0.0082,-0.3306,0.9437,-0.1131,-0.0126,0.3076,Dark,
4.3553,4.4941,5.6965,0.0000,0.0000,0.0798,-0.3181,0.9447,-0.1019,-0.3225,0.9411,-0.0085,-0.3331,0.9428,-0.1130,-0.0126,0.3076,Dark,
4.3655,4.4849,5.6898,0.0000,0.0000,0.0794,-0.3202,0.9440,-0.1015,-0.3245,0.9404,-0.0085,-0.3351,0.9421,-0.1129,-0.0126,0.3075,Dark,
4.3766,4.4748,5.6857,0.0000,0.0000,0.0793,-0.3202,0.9440,-0.1008,-0.3245,0.9405,-0.0082,-0.3350,0.9422,-0.1127,-0.0126,0.3075,Dark,
4.3878,4.4547,5.6598,0.0000,0.0000,0.0785,-0.3214,0.9437,-0.1003,-0.3256,0.9402,-0.0084,-0.3361,0.9418,-0.1127,-0.0126,0.3074,Dark,
4.3988,4.4451,5.6549,0.0000,0.0000,0.0783,-0.3218,0.9436,-0.1000,-0.3259,0.9401,-0.0084,-0.3364,0.9417,-0.1126,-0.0126,0.3074,Dark,
4.4101,4.4360,5.6513,0.0000,0.0000,0.0781,-0.3220,0.9435,-0.0997,-0.3260,0.9401,-0.0084,-0.3365,0.9417,-0.1125,-0.0126,0.3074,Dark,
4.4215,4.4297,5.6222,0.0000,0.0000,0.0774,-0.3220,0.9436,-0.0995,-0.3260,0.9401,-0.0086,-0.3364,0.9417,-0.1124,-0.0125,0.3073,Dark,
4.4323,4.4309,5.6136,0.0000,0.0000,0.0771,-0.3217,0.9437,-0.0992,-0.3256,0.9403,-0.0086,-0.3360,0.9418,-0.1124,-0.0125,0.3072,Dark,
4.4435,4.4349,5.6069,0.0000,0.0000,0.0765,-0.3216,0.9438,-0.0993,-0.3254,0.9404,-0.0089,-0.3359,0.9419,-0.1123,-0.0125,0.3072,Dark,
4.4549,4.4361,5.6051,0.0000,0.0000,0.0755,-0.3213,0.9440,-0.0993,-0.3250,0.9405,-0.0095,-0.3355,0.9420,-0.1123,-0.0124,0.3071,Dark,
4.4658,4.4336,5.5996,0.0000,0.0000,0.0749,-0.3208,0.9442,-0.0995,-0.3244,0.9407,-0.0099,-0.3349,0.9422,-0.1123,-0.0123,0.3070,Dark,
4.4771,4.4297,5.5948,0.0000,0.0000,0.0743,-0.3205,0.9443,-0.0997,-0.3242,0.9407,-0.0103,-0.3346,0.9423,-0.1123,-0.0123,0.3069,Dark,
4.4883,4.4257,5.5789,0.0000,0.0000,0.0731,-0.3202,0.9445,-0.1001,-0.3238,0.9408,-0.0112,-0.3341,0.9425,-0.1124,-0.0122,0.3069,Dark,
4.4992,4.4336,5.5636,0.0000,0.0000,0.0706,-0.3204,0.9447,-0.1020,-0.3238,0.9406,-0.0134,-0.3342,0.9424,-0.1124,-0.0121,0.3068,Dark,
4.5103,4.4410,5.5520,0.0000,0.0000,0.0708,-0.3196,0.9449,-0.1012,-0.3231,0.9409,-0.0128,-0.3334,0.9427,-0.1125,-0.0121,0.3068,Dark,
4.5221,4.4450,5.5502,0.0000,0.0000,0.0582,-0.3165,0.9468,-0.1143,-0.3193,0.9407,-0.0259,-0.3300,0.9436,-0.1125,-0.0120,0.3067,Dark,
4.5326,4.4424,5.5564,0.0000,0.0000,0.0423,-0.3128,0.9489,-0.1307,-0.3147,0.9401,-0.0422,-0.3260,0.9444,-0.1126,-0.0120,0.3067,Dark,
4.5436,4.4428,5.5622,0.0000,0.0000,0.0358,-0.3111,0.9497,-0.1367,-0.3127,0.9400,-0.0485,-0.3241,0.9448,-0.1127,-0.0120,0.3067,Dark,
4.5550,4.4431,5.5638,0.0000,0.0000,0.0221,-0.3077,0.9512,-0.1498,-0.3087,0.9393,-0.0621,-0.3203,0.9453,-0.1128,-0.0119,0.3066,Dark,
4.5660,4.4444,5.5678,0.0000,0.0000,0.0181,-0.3070,0.9515,-0.1537,-0.3078,0.9389,-0.0661,-0.3196,0.9453,-0.1129,-0.0120,0.3066,Dark,
4.5772,4.4462,5.5709,0.0000,0.0000,0.0134,-0.3060,0.9519,-0.1581,-0.3066,0.9386,-0.0707,-0.3184,0.9453,-0.1130,-0.0120,0.3065,Dark,
4.5884,4.4455,5.5718,0.0000,0.0000,0.0138,-0.3070,0.9516,-0.1577,-0.3076,0.9384,-0.0702,-0.3194,0.9450,-0.1132,-0.0120,0.3065,Dark,
4.5992,4.4439,5.5741,0.0000,0.0000,0.0124,-0.3071,0.9516,-0.1592,-0.3076,0.9381,-0.0717,-0.3195,0.9449,-0.1133,-0.0120,0.3065,Dark,
4.6104,4.4455,5.5754,0.0000,0.0000,0.0104,-0.3072,0.9516,-0.1611,-0.3077,0.9377,-0.0737,-0.3195,0.9447,-0.1134,-0.0120,0.3064,Dark,
4.6219,4.4541,5.5844,0.0000,0.0000,0.0127,-0.3088,0.9511,-0.1590,-0.3094,0.9375,-0.0715,-0.3212,0.9443,-0.1135,-0.0121,0.3064,Dark,
4.6327,4.4602,5.5833,0.0000,0.0000,0.0130,-0.3093,0.9509,-0.1587,-0.3100,0.9374,-0.0712,-0.3218,0.9441,-0.1136,-0.0121,0.3064,Dark,
4.6439,4.4580,5.5819,0.0000,0.0000,0.0125,-0.3095,0.9508,-0.1592,-0.3102,0.9372,-0.0717,-0.3219,0.9440,-0.1137,-0.0121,0.3064,Dark,
4.6552,4.4684,5.6094,0.0000,0.0000,0.0140,-0.3101,0.9506,-0.1579,-0.3110,0.9372,-0.0702,-0.3227,0.9439,-0.1137,-0.0121,0.3064,Dark,
4.6663,4.4789,5.6237,0.0000,0.0000,0.0146,-0.3100,0.9506,-0.1574,-0.3108,0.9374,-0.0697,-0.3225,0.9440,-0.1138,-0.0121,0.3064,Dark,
4.6775,4.4824,5.6352,0.0000,0.0000,0.0146,-0.3097,0.9507,-0.1573,-0.3106,0.9374,-0.0696,-0.3223,0.9441,-0.1139,-0.0121,0.3064,Dark,
4.6884,4.4938,5.6462,0.0000,0.0000,0.0152,-0.3091,0.9509,-0.1566,-0.3101,0.9377,-0.0690,-0.3217,0.9443,-0.1140,-0.0121,0.3064,Dark,
4.6995,4.4995,5.6534,0.0000,0.0000,0.0154,-0.3089,0.9510,-0.1564,-0.3099,0.9378,-0.0688,-0.3215,0.9444,-0.1141,-0.0121,0.3065,Dark,
4.7107,4.5014,5.6590,0.0000,0.0000,0.0157,-0.3087,0.9510,-0.1561,-0.3097,0.9379,-0.0684,-0.3213,0.9445,-0.1142,-0.0121,0.3065,Dark,
4.7225,4.5160,5.6704,0.0000,0.0000,0.0162,-0.3091,0.9509,-0.1557,-0.3101,0.9379,-0.0680,-0.3217,0.9444,-0.1143,-0.0121,0.3066,Dark,
4.7329,4.5260,5.6796,0.0000,0.0000,0.0167,-0.3094,0.9508,-0.1552,-0.3106,0.9378,-0.0675,-0.3221,0.9443,-0.1144,-0.0121,0.3066,Dark,
4.7440,4.5372,5.6864,0.0000,0.0000,0.0169,-0.3099,0.9506,-0.1551,-0.3111,0.9376,-0.0673,-0.3226,0.9441,-0.1145,-0.0122,0.3066,Dark,
4.7554,4.5550,5.7097,0.0000,0.0000,0.0173,-0.3106,0.9504,-0.1548,-0.3118,0.9375,-0.0670,-0.3233,0.9439,-0.1145,-0.0122,0.3067,Dark,
4.7667,4.5610,5.7196,0.0000,0.0000,0.0175,-0.3108,0.9503,-0.1546,-0.3120,0.9374,-0.0668,-0.3236,0.9438,-0.1146,-0.0122,0.3067,Dark,
4.7777,4.5628,5.7267,0.0000,0.0000,0.0176,-0.3113,0.9502,-0.1546,-0.3125,0.9372,-0.0667,-0.3240,0.9437,-0.1146,-0.0123,0.3068,Dark,
4.7887,4.5810,5.7124,0.0000,0.0000,0.0185,-0.3116,0.9500,-0.1542,-0.3129,0.9372,-0.0661,-0.3244,0.9436,-0.1147,-0.0123,0.3068,Dark,
4.8005,4.5952,5.7271,0.0000,0.0000,0.0222,-0.3109,0.9502,-0.1491,-0.3125,0.9381,-0.0617,-0.3238,0.9441,-0.1147,-0.0123,0.3069,Dark,
4.8108,4.5833,5.7397,0.0000,0.0000,0.0471,-0.3086,0.9500,-0.1273,-0.3115,0.9417,-0.0380,-0.3223,0.9459,-0.1148,-0.0123,0.3069,Dark,
4.8223,4.5558,5.7881,0.0000,0.0000,0.1242,-0.2954,0.9473,-0.0458,-0.3024,0.9521,0.0422,-0.3108,0.9496,-0.1148,-0.0123,0.3070,Dark,
4.8333,4.5412,5.7871,0.0000,0.0000,0.1572,-0.2892,0.9443,-0.0080,-0.2977,0.9546,0.0779,-0.3050,0.9492,-0.1148,-0.0124,0.3070,Dark,
4.8443,4.5086,5.7831,0.0000,0.0000,0.1715,-0.2875,0.9423,0.0066,-0.2967,0.9550,0.0925,-0.3036,0.9483,-0.1149,-0.0124,0.3070,Dark,
4.8556,4.4582,5.7413,0.0000,0.0000,0.1923,-0.2841,0.9393,0.0301,-0.2943,0.9552,0.1149,-0.3005,0.9468,-0.1149,-0.0125,0.3071,Dark,
4.8666,4.4383,5.7038,0.0000,0.0000,0.1950,-0.2838,0.9389,0.0343,-0.2940,0.9552,0.1183,-0.3001,0.9465,-0.1149,-0.0125,0.3071,Dark,
4.8778,4.4113,5.6755,0.0000,0.0000,0.2014,-0.2830,0.9377,0.0422,-0.2935,0.9550,0.1255,-0.2994,0.9458,-0.1150,-0.0126,0.3072,Dark,
4.8889,4.3620,5.6142,0.0000,0.0000,0.2061,-0.2827,0.9368,0.0504,-0.2933,0.9547,0.1319,-0.2989,0.9451,-0.1150,-0.0126,0.3072,Dark,
4.9000,4.3392,5.5850,0.0000,0.0000,0.2017,-0.2839,0.9374,0.0475,-0.2942,0.9546,0.1281,-0.2998,0.9454,-0.1151,-0.0127,0.3072,Dark,
4.9111,4.3121,5.5639,0.0000,0.0000,0.1998,-0.2846,0.9376,0.0472,-0.2948,0.9544,0.1270,-0.3004,0.9453,-0.1151,-0.0127,0.3073,Dark,
4.9226,4.2701,5.5171,0.0000,0.0000,0.1955,-0.2860,0.9381,0.0463,-0.2959,0.9541,0.1242,-0.3013,0.9454,-0.1151,-0.0127,0.3073,Dark,
4.9338,4.2544,5.4905,0.0000,0.0000,0.1931,-0.2865,0.9384,0.0458,-0.2963,0.9540,0.1227,-0.3017,0.9455,-0.1152,-0.0127,0.3073,Dark,
4.9447,4.2355,5.4704,0.0000,0.0000,0.1909,-0.2869,0.9387,0.0451,-0.2965,0.9540,0.1212,-0.3018,0.9456,-0.1152,-0.0128,0.3074,Dark,
4.9559,4.2046,5.4213,0.0000,0.0000,0.1873,-0.2875,0.9393,0.0449,-0.2968,0.9539,0.1192,-0.3020,0.9458,-0.1153,-0.0128,0.3074,Dark,
4.9669,4.1921,5.4015,0.0000,0.0000,0.1858,-0.2876,0.9396,0.0451,-0.2968,0.9539,0.1185,-0.3019,0.9459,-0.1154,-0.0128,0.3074,Dark,
4.9784,4.1724,5.3874,0.0000,0.0000,0.1845,-0.2878,0.9397,0.0453,-0.2970,0.9538,0.1179,-0.3020,0.9460,-0.1155,-0.0128,0.3074,Dark,
4.9902,4.1362,5.3458,0.0000,0.0000,0.1826,-0.2884,0.9399,0.0462,-0.2974,0.9536,0.1173,-0.3023,0.9460,-0.1155,-0.0128,0.3074,Dark,
5.0003,4.1200,5.3168,0.0000,0.0000,0.1816,-0.2888,0.9400,0.0465,-0.2977,0.9535,0.1169,-0.3025,0.9459,-0.1156,-0.0128,0.3074,Dark,
5.0114,4.1353,5.2941,0.0000,0.0000,0.1762,-0.2907,0.9404,0.0430,-0.2994,0.9532,0.1125,-0.3042,0.9459,-0.1157,-0.0128,0.3074,Dark,
5.0227,4.1184,5.1778,0.0000,0.0000,0.1237,-0.2998,0.9460,-0.0112,-0.3065,0.9518,0.0587,-0.3124,0.9481,-0.1158,-0.0127,0.3074,Dark,
5.0342,4.0918,5.1568,0.0000,0.0000,0.0762,-0.3092,0.9479,-0.0640,-0.3140,0.9473,0.0083,-0.3212,0.9470,-0.1159,-0.0127,0.3074,Dark,
5.0448,4.0599,5.1439,0.0000,0.0000,0.0502,-0.3155,0.9476,-0.0919,-0.3191,0.9432,-0.0189,-0.3271,0.9448,-0.1159,-0.0127,0.3074,Dark,
5.0560,4.0024,5.1251,0.0000,0.0000,0.0259,-0.3222,0.9463,-0.1235,-0.3247,0.9377,-0.0470,-0.3338,0.9415,-0.1160,-0.0127,0.3074,Dark,
5.0671,3.9827,5.1252,0.0000,0.0000,0.0186,-0.3247,0.9456,-0.1343,-0.3268,0.9355,-0.0561,-0.3363,0.9401,-0.1160,-0.0127,0.3074,Dark,
5.0784,3.9728,5.1238,0.0000,0.0000,0.0197,-0.3258,0.9453,-0.1359,-0.3279,0.9349,-0.0563,-0.3377,0.9396,-0.1160,-0.0128,0.3074,Dark,
5.0897,3.9647,5.1096,0.0000,0.0000,0.0173,-0.3272,0.9448,-0.1435,-0.3292,0.9333,-0.0613,-0.3395,0.9386,-0.1160,-0.0128,0.3073,Dark,
5.1007,3.9643,5.0982,0.0000,0.0000,0.0176,-0.3281,0.9445,-0.1458,-0.3300,0.9326,-0.0623,-0.3405,0.9382,-0.1160,-0.0128,0.3073,Dark,
5.1118,3.9575,5.0890,0.0000,0.0000,0.0180,-0.3287,0.9443,-0.1474,-0.3306,0.9322,-0.0629,-0.3413,0.9379,-0.1160,-0.0128,0.3072,Dark,
5.1229,3.9461,5.0861,0.0000,0.0000,0.0192,-0.3288,0.9442,-0.1501,-0.3307,0.9317,-0.0636,-0.3417,0.9376,-0.1160,-0.0128,0.3072,Dark,
5.1342,3.9414,5.0904,0.0000,0.0000,0.0208,-0.3283,0.9443,-0.1506,-0.3303,0.9318,-0.0631,-0.3414,0.9378,-0.1160,-0.0128,0.3071,Dark,
5.1454,3.9410,5.0946,0.0000,0.0000,0.0259,-0.3268,0.9447,-0.1472,-0.3290,0.9328,-0.0587,-0.3401,0.9385,-0.1160,-0.0127,0.3070,Dark,
5.1563,3.9399,5.0983,0.0000,0.0000,0.0259,-0.3266,0.9448,-0.1500,-0.3288,0.9324,-0.0601,-0.3401,0.9385,-0.1160,-0.0127,0.3070,Dark,
5.1675,3.9386,5.0984,0.0000,0.0000,0.0258,-0.3263,0.9449,-0.1514,-0.3284,0.9323,-0.0608,-0.3399,0.9385,-0.1159,-0.0127,0.3069,Dark,
5.1788,3.9402,5.0918,0.0000,0.0000,0.0261,-0.3266,0.9448,-0.1532,-0.3288,0.9319,-0.0616,-0.3404,0.9383,-0.1159,-0.0127,0.3068,Dark,
5.1899,3.9390,5.0869,0.0000,0.0000,0.0264,-0.3267,0.9448,-0.1536,-0.3288,0.9318,-0.0616,-0.3405,0.9382,-0.1159,-0.0126,0.3067,Dark,
5.2009,3.9382,5.0830,0.0000,0.0000,0.0268,-0.3267,0.9448,-0.1539,-0.3288,0.9318,-0.0616,-0.3405,0.9382,-0.1159,-0.0126,0.3067,Dark,
5.2119,3.9403,5.0780,0.0000,0.0000,0.0266,-0.3265,0.9448,-0.1551,-0.3286,0.9317,-0.0623,-0.3404,0.9382,-0.1159,-0.0126,0.3066,Dark,
5.2233,3.9409,5.0769,0.0000,0.0000,0.0271,-0.3264,0.9449,-0.1550,-0.3285,0.9317,-0.0620,-0.3403,0.9383,-0.1160,-0.0125,0.3066,Dark,
5.2343,3.9359,5.0768,0.0000,0.0000,0.0269,-0.3261,0.9449,-0.1555,-0.3282,0.9317,-0.0624,-0.3401,0.9383,-0.1160,-0.0125,0.3065,Dark,
5.2454,3.9338,5.0854,0.0000,0.0000,0.0268,-0.3260,0.9450,-0.1560,-0.3281,0.9317,-0.0627,-0.3400,0.9383,-0.1160,-0.0124,0.3065,Dark,
5.2566,3.9355,5.0848,0.0000,0.0000,0.0262,-0.3255,0.9452,-0.1568,-0.3275,0.9317,-0.0634,-0.3395,0.9385,-0.1160,-0.0124,0.3064,Dark,
5.2677,3.9368,5.0841,0.0000,0.0000,0.0259,-0.3250,0.9454,-0.1571,-0.3270,0.9319,-0.0636,-0.3390,0.9386,-0.1161,-0.0123,0.3064,Dark,
5.2790,3.9281,5.0702,0.0000,0.0000,0.0255,-0.3246,0.9455,-0.1574,-0.3266,0.9320,-0.0640,-0.3386,0.9388,-0.1161,-0.0123,0.3064,Dark,
5.2900,3.9192,5.0616,0.0000,0.0000,0.0252,-0.3244,0.9456,-0.1576,-0.3264,0.9320,-0.0642,-0.3384,0.9388,-0.1161,-0.0122,0.3064,Dark,
5.3014,3.9134,5.0553,0.0000,0.0000,0.0252,-0.3243,0.9456,-0.1575,-0.3263,0.9321,-0.0642,-0.3383,0.9389,-0.1161,-0.0122,0.3064,Dark,
5.3140,3.9051,5.0556,0.0000,0.0000,0.0229,-0.3249,0.9455,-0.1587,-0.3268,0.9317,-0.0659,-0.3387,0.9386,-0.1162,-0.0122,0.3063,Dark,
5.3235,3.9029,5.0475,0.0000,0.0000,0.0184,-0.3259,0.9452,-0.1629,-0.3275,0.9307,-0.0704,-0.3396,0.9379,-0.1162,-0.0122,0.3063,Dark,
5.3345,3.8876,5.0408,0.0000,0.0000,0.0114,-0.3276,0.9447,-0.1689,-0.3288,0.9292,-0.0770,-0.3410,0.9369,-0.1162,-0.0122,0.3063,Dark,
5.3459,3.8667,5.0260,0.0000,0.0000,0.0040,-0.3294,0.9442,-0.1752,-0.3302,0.9275,-0.0839,-0.3425,0.9357,-0.1163,-0.0122,0.3063,Dark,
5.3568,3.8610,5.0133,0.0000,0.0000,0.0010,-0.3303,0.9439,-0.1776,-0.3310,0.9268,-0.0867,-0.3433,0.9352,-0.1163,-0.0122,0.3063,Dark,
5.3683,3.8459,4.9958,0.0000,0.0000,-0.0032,-0.3314,0.9435,-0.1805,-0.3318,0.9259,-0.0902,-0.3442,0.9346,-0.1163,-0.0122,0.3063,Dark,
5.3793,3.8432,4.9898,0.0000,0.0000,-0.0083,-0.3339,0.9426,-0.1848,-0.3340,0.9243,-0.0950,-0.3465,0.9332,-0.1164,-0.0122,0.3063,Dark,
5.3905,3.8409,4.9798,0.0000,0.0000,-0.0136,-0.3368,0.9415,-0.1894,-0.3366,0.9224,-0.1000,-0.3492,0.9317,-0.1164,-0.0121,0.3063,Dark,
5.4013,3.8348,4.9725,0.0000,0.0000,-0.0191,-0.3401,0.9402,-0.1939,-0.3396,0.9204,-0.1051,-0.3523,0.9300,-0.1165,-0.0121,0.3064,Dark,
5.4129,3.8349,4.9633,0.0000,0.0000,-0.0297,-0.3452,0.9381,-0.2032,-0.3440,0.9167,-0.1151,-0.3570,0.9270,-0.1166,-0.0121,0.3064,Dark,
5.4236,3.8390,4.9669,0.0000,0.0000,-0.0350,-0.3475,0.9370,-0.2079,-0.3460,0.9149,-0.1202,-0.3591,0.9255,-0.1166,-0.0121,0.3064,Dark,
5.4347,3.8291,4.9629,0.0000,0.0000,-0.0434,-0.3511,0.9353,-0.2153,-0.3491,0.9120,-0.1282,-0.3624,0.9232,-0.1167,-0.0121,0.3065,Dark,
5.4462,3.8291,4.9563,0.0000,0.0000,-0.0473,-0.3530,0.9344,-0.2186,-0.3507,0.9106,-0.1319,-0.3641,0.9220,-0.1167,-0.0121,0.3065,Dark,
5.4574,3.8287,4.9611,0.0000,0.0000,-0.0497,-0.3541,0.9339,-0.2205,-0.3518,0.9097,-0.1340,-0.3652,0.9212,-0.1168,-0.0121,0.3065,Dark,
5.4682,3.8189,4.9616,0.0000,0.0000,-0.0533,-0.3558,0.9330,-0.2233,-0.3533,0.9085,-0.1373,-0.3667,0.9202,-0.1168,-0.0121,0.3065,Dark,
5.4796,3.8192,4.9594,0.0000,0.0000,-0.0551,-0.3569,0.9325,-0.2246,-0.3543,0.9078,-0.1388,-0.3677,0.9195,-0.1169,-0.0121,0.3065,Dark,
5.4906,3.8193,4.9567,0.0000,0.0000,-0.0568,-0.3579,0.9320,-0.2259,-0.3551,0.9071,-0.1403,-0.3686,0.9189,-0.1170,-0.0121,0.3065,Dark,
5.5017,3.8264,4.9536,0.0000,0.0000,-0.0591,-0.3594,0.9313,-0.2276,-0.3565,0.9062,-0.1424,-0.3700,0.9181,-0.1170,-0.0122,0.3066,Dark,
5.5128,3.8314,4.9545,0.0000,0.0000,-0.0598,-0.3597,0.9311,-0.2279,-0.3568,0.9059,-0.1429,-0.3703,0.9179,-0.1171,-0.0122,0.3066,Dark,
5.5239,3.8350,4.9604,0.0000,0.0000,-0.0611,-0.3605,0.9307,-0.2290,-0.3576,0.9054,-0.1441,-0.3710,0.9174,-0.1172,-0.0122,0.3066,Dark,
5.5350,3.8546,4.9725,0.0000,0.0000,-0.0623,-0.3613,0.9304,-0.2296,-0.3583,0.9049,-0.1450,-0.3718,0.9169,-0.1172,-0.0122,0.3066,Dark,
5.5464,3.8549,4.9779,0.0000,0.0000,-0.0637,-0.3622,0.9299,-0.2306,-0.3592,0.9043,-0.1462,-0.3726,0.9164,-0.1173,-0.0122,0.3066,Dark,
5.5574,3.8545,4.9838,0.0000,0.0000,-0.0647,-0.3627,0.9297,-0.2314,-0.3595,0.9040,-0.1471,-0.3730,0.9161,-0.1173,-0.0122,0.3066,Dark,
5.5684,3.8614,4.9905,0.0000,0.0000,-0.0665,-0.3636,0.9292,-0.2327,-0.3604,0.9033,-0.1486,-0.3739,0.9155,-0.1174,-0.0123,0.3066,Dark,
5.5797,3.8637,4.9920,0.0000,0.0000,-0.0673,-0.3642,0.9289,-0.2331,-0.3609,0.9030,-0.1493,-0.3744,0.9152,-0.1174,-0.0123,0.3066,Dark,
5.5907,3.8660,4.9955,0.0000,0.0000,-0.0680,-0.3647,0.9287,-0.2336,-0.3614,0.9027,-0.1498,-0.3749,0.9149,-0.1175,-0.0123,0.3066,Dark,
5.6020,3.8856,5.0092,0.0000,0.0000,-0.0686,-0.3653,0.9284,-0.2336,-0.3620,0.9024,-0.1502,-0.3754,0.9146,-0.1175,-0.0123,0.3066,Dark,
5.6131,3.8945,5.0182,0.0000,0.0000,-0.0697,-0.3657,0.9281,-0.2344,-0.3624,0.9021,-0.1511,-0.3758,0.9143,-0.1175,-0.0123,0.3066,Dark,
5.6241,3.9013,5.0296,0.0000,0.0000,-0.0705,-0.3660,0.9280,-0.2350,-0.3626,0.9018,-0.1518,-0.3760,0.9141,-0.1176,-0.0123,0.3066,Dark,
5.6352,3.9059,5.0469,0.0000,0.0000,-0.0723,-0.3666,0.9276,-0.2363,-0.3631,0.9013,-0.1534,-0.3766,0.9136,-0.1176,-0.0123,0.3067,Dark,
5.6464,3.9168,5.0528,0.0000,0.0000,-0.0732,-0.3669,0.9274,-0.2370,-0.3634,0.9010,-0.1542,-0.3769,0.9133,-0.1176,-0.0123,0.3066,Dark,
5.6577,3.9256,5.0565,0.0000,0.0000,-0.0737,-0.3670,0.9273,-0.2374,-0.3634,0.9009,-0.1546,-0.3769,0.9133,-0.1177,-0.0123,0.3066,Dark,
5.6686,3.9223,5.0727,0.0000,0.0000,-0.0751,-0.3673,0.9271,-0.2385,-0.3637,0.9005,-0.1559,-0.3772,0.9129,-0.1177,-0.0123,0.3066,Dark,
5.6799,3.9363,5.0839,0.0000,0.0000,-0.0757,-0.3675,0.9269,-0.2390,-0.3639,0.9002,-0.1565,-0.3774,0.9127,-0.1177,-0.0123,0.3066,Dark,
5.6909,3.9471,5.0881,0.0000,0.0000,-0.0762,-0.3676,0.9268,-0.2395,-0.3640,0.9001,-0.1570,-0.3775,0.9126,-0.1177,-0.0123,0.3066,Dark,
5.7021,3.9822,5.1011,0.0000,0.0000,-0.0772,-0.3679,0.9267,-0.2403,-0.3642,0.8998,-0.1579,-0.3777,0.9124,-0.1177,-0.0123,0.3066,Dark,
5.7136,3.9998,5.1085,0.0000,0.0000,-0.0761,-0.3672,0.9270,-0.2394,-0.3637,0.9003,-0.1568,-0.3771,0.9128,-0.1178,-0.0123,0.3066,Dark,
5.7245,4.0121,5.1140,0.0000,0.0000,-0.0749,-0.3662,0.9275,-0.2382,-0.3628,0.9009,-0.1556,-0.3762,0.9134,-0.1178,-0.0123,0.3065,Dark,
5.7355,4.0252,5.1327,0.0000,0.0000,-0.0716,-0.3640,0.9286,-0.2352,-0.3609,0.9025,-0.1525,-0.3741,0.9148,-0.1178,-0.0123,0.3065,Dark,
5.7467,4.0294,5.1434,0.0000,0.0000,-0.0708,-0.3634,0.9289,-0.2345,-0.3603,0.9029,-0.1517,-0.3736,0.9151,-0.1178,-0.0122,0.3065,Dark,
5.7580,4.0322,5.1624,0.0000,0.0000,-0.0691,-0.3623,0.9295,-0.2330,-0.3593,0.9037,-0.1501,-0.3725,0.9158,-0.1178,-0.0122,0.3064,Dark,
5.7689,4.0438,5.1893,0.0000,0.0000,-0.0668,-0.3607,0.9303,-0.2308,-0.3579,0.9048,-0.1478,-0.3710,0.9168,-0.1178,-0.0122,0.3064,Dark,
5.7802,4.0555,5.1972,0.0000,0.0000,-0.0669,-0.3604,0.9304,-0.2310,-0.3576,0.9049,-0.1480,-0.3707,0.9169,-0.1178,-0.0121,0.3063,Dark,
5.7913,4.0648,5.2066,0.0000,0.0000,-0.0658,-0.3597,0.9308,-0.2299,-0.3569,0.9054,-0.1468,-0.3700,0.9173,-0.1178,-0.0121,0.3063,Dark,
5.8024,4.0925,5.2167,0.0000,0.0000,-0.0647,-0.3584,0.9313,-0.2289,-0.3558,0.9061,-0.1458,-0.3688,0.9180,-0.1178,-0.0120,0.3063,Dark,
5.8138,4.1039,5.2283,0.0000,0.0000,-0.0642,-0.3577,0.9316,-0.2284,-0.3550,0.9065,-0.1453,-0.3681,0.9184,-0.1178,-0.0119,0.3063,Dark,
5.8251,4.1122,5.2433,0.0000,0.0000,-0.0633,-0.3566,0.9321,-0.2276,-0.3540,0.9071,-0.1444,-0.3670,0.9189,-0.1178,-0.0119,0.3063,Dark,
5.8358,4.1183,5.2632,0.0000,0.0000,-0.0618,-0.3553,0.9327,-0.2263,-0.3528,0.9079,-0.1430,-0.3658,0.9196,-0.1178,-0.0119,0.3063,Dark,
5.8471,4.1187,5.2816,0.0000,0.0000,-0.0611,-0.3547,0.9330,-0.2256,-0.3522,0.9083,-0.1423,-0.3652,0.9200,-0.1178,-0.0118,0.3063,Dark,
5.8583,4.1388,5.3122,0.0000,0.0000,-0.0597,-0.3539,0.9334,-0.2244,-0.3515,0.9089,-0.1410,-0.3644,0.9205,-0.1178,-0.0118,0.3062,Dark,
5.8694,4.1581,5.3247,0.0000,0.0000,-0.0591,-0.3536,0.9335,-0.2239,-0.3513,0.9091,-0.1404,-0.3642,0.9207,-0.1178,-0.0118,0.3062,Dark,
5.8806,4.1736,5.3419,0.0000,0.0000,-0.0587,-0.3534,0.9336,-0.2236,-0.3511,0.9092,-0.1401,-0.3640,0.9208,-0.1178,-0.0118,0.3062,Dark,
5.8917,4.1883,5.3652,0.0000,0.0000,-0.0576,-0.3527,0.9340,-0.2228,-0.3505,0.9097,-0.1391,-0.3634,0.9212,-0.1178,-0.0118,0.3061,Dark,
5.9025,4.2039,5.3728,0.0000,0.0000,-0.0570,-0.3522,0.9342,-0.2222,-0.3501,0.9100,-0.1385,-0.3629,0.9215,-0.1178,-0.0118,0.3061,Dark,
5.9139,4.2158,5.3902,0.0000,0.0000,-0.0566,-0.3517,0.9344,-0.2219,-0.3496,0.9102,-0.1382,-0.3624,0.9217,-0.1178,-0.0118,0.3061,Dark,
5.9249,4.2425,5.4145,0.0000,0.0000,-0.0556,-0.3506,0.9349,-0.2212,-0.3485,0.9108,-0.1373,-0.3614,0.9223,-0.1178,-0.0118,0.3061,Dark,
5.9360,4.2635,5.4227,0.0000,0.0000,-0.0550,-0.3499,0.9352,-0.2207,-0.3479,0.9112,-0.1368,-0.3607,0.9226,-0.1178,-0.0118,0.3060,Dark,
5.9472,4.2792,5.4433,0.0000,0.0000,-0.0544,-0.3493,0.9354,-0.2202,-0.3473,0.9115,-0.1362,-0.3601,0.9229,-0.1178,-0.0118,0.3060,Dark,
5.9587,4.3091,5.4804,0.0000,0.0000,-0.0530,-0.3480,0.9360,-0.2191,-0.3461,0.9122,-0.1350,-0.3589,0.9236,-0.1178,-0.0118,0.3059,Dark,
5.9694,4.3212,5.4972,0.0000,0.0000,-0.0522,-0.3473,0.9363,-0.2185,-0.3455,0.9126,-0.1342,-0.3582,0.9239,-0.1178,-0.0118,0.3059,Dark,
5.9806,4.3296,5.5184,0.0000,0.0000,-0.0513,-0.3464,0.9367,-0.2179,-0.3447,0.9131,-0.1335,-0.3574,0.9244,-0.1178,-0.0118,0.3059,Dark,
5.9919,4.3304,5.5443,0.0000,0.0000,-0.0497,-0.3449,0.9373,-0.2166,-0.3432,0.9139,-0.1320,-0.3560,0.9251,-0.1178,-0.0117,0.3058,Dark,
6.0029,4.3470,5.5513,0.0000,0.0000,-0.0493,-0.3443,0.9376,-0.2165,-0.3427,0.9142,-0.1317,-0.3554,0.9254,-0.1178,-0.0117,0.3058,Dark,
6.0142,4.3606,5.5638,0.0000,0.0000,-0.0487,-0.3437,0.9378,-0.2161,-0.3421,0.9145,-0.1312,-0.3548,0.9257,-0.1178,-0.0117,0.3058,Dark,
6.0254,4.3917,5.5853,0.0000,0.0000,-0.0475,-0.3425,0.9383,-0.2155,-0.3410,0.9150,-0.1303,-0.3537,0.9262,-0.1179,-0.0116,0.3058,Dark,
6.0363,4.4068,5.5946,0.0000,0.0000,-0.0470,-0.3417,0.9386,-0.2151,-0.3403,0.9154,-0.1299,-0.3530,0.9266,-0.1179,-0.0116,0.3057,Dark,
6.0475,4.4171,5.6083,0.0000,0.0000,-0.0462,-0.3409,0.9390,-0.2146,-0.3395,0.9158,-0.1292,-0.3522,0.9269,-0.1179,-0.0116,0.3057,Dark,
6.0588,4.4350,5.6255,0.0000,0.0000,-0.0444,-0.3397,0.9395,-0.2134,-0.3385,0.9165,-0.1277,-0.3511,0.9276,-0.1179,-0.0116,0.3057,Dark,
6.0698,4.4475,5.6303,0.0000,0.0000,-0.0434,-0.3389,0.9398,-0.2127,-0.3377,0.9169,-0.1269,-0.3504,0.9280,-0.1179,-0.0116,0.3057,Dark,
6.0809,4.4572,5.6474,0.0000,0.0000,-0.0424,-0.3383,0.9401,-0.2120,-0.3371,0.9173,-0.1260,-0.3498,0.9283,-0.1180,-0.0116,0.3057,Dark,
6.0922,4.4790,5.6704,0.0000,0.0000,-0.0407,-0.3373,0.9405,-0.2108,-0.3362,0.9179,-0.1245,-0.3489,0.9289,-0.1180,-0.0116,0.3057,Dark,
6.1031,4.4917,5.6775,0.0000,0.0000,-0.0399,-0.3369,0.9407,-0.2103,-0.3360,0.9181,-0.1238,-0.3486,0.9291,-0.1180,-0.0116,0.3057,Dark,
6.1143,4.5012,5.6812,0.0000,0.0000,-0.0390,-0.3367,0.9408,-0.2097,-0.3359,0.9183,-0.1231,-0.3485,0.9292,-0.1180,-0.0116,0.3057,Dark,
6.1259,4.5177,5.6989,0.0000,0.0000,-0.0373,-0.3361,0.9411,-0.2085,-0.3353,0.9188,-0.1216,-0.3479,0.9296,-0.1180,-0.0116,0.3057,Dark,
6.1366,4.5237,5.7125,0.0000,0.0000,-0.0364,-0.3359,0.9412,-0.2079,-0.3352,0.9189,-0.1209,-0.3478,0.9297,-0.1180,-0.0116,0.3057,Dark,
6.1477,4.5278,5.7324,0.0000,0.0000,-0.0355,-0.3357,0.9413,-0.2073,-0.3351,0.9191,-0.1201,-0.3476,0.9299,-0.1180,-0.0116,0.3057,Dark,
6.1592,4.5477,5.7548,0.0000,0.0000,-0.0343,-0.3353,0.9415,-0.2066,-0.3347,0.9194,-0.1191,-0.3473,0.9302,-0.1181,-0.0116,0.3058,Dark,
6.1701,4.5546,5.7580,0.0000,0.0000,-0.0335,-0.3351,0.9416,-0.2060,-0.3345,0.9196,-0.1184,-0.3471,0.9303,-0.1181,-0.0117,0.3058,Dark,
6.1811,4.5596,5.7694,0.0000,0.0000,-0.0326,-0.3348,0.9417,-0.2053,-0.3343,0.9198,-0.1176,-0.3468,0.9305,-0.1181,-0.0117,0.3058,Dark,
6.1924,4.5906,5.7944,0.0000,0.0000,-0.0115,-0.3282,0.9445,-0.1854,-0.3289,0.9260,-0.0969,-0.3409,0.9351,-0.1181,-0.0117,0.3058,Dark,
6.2034,4.6051,5.8078,0.0000,0.0000,0.0138,-0.3225,0.9465,-0.1632,-0.3248,0.9316,-0.0729,-0.3362,0.9390,-0.1182,-0.0117,0.3058,Dark,
6.2147,4.6163,5.8072,0.0000,0.0000,0.0339,-0.3180,0.9475,-0.1443,-0.3214,0.9359,-0.0530,-0.3323,0.9417,-0.1182,-0.0117,0.3059,Dark,
6.2259,4.6104,5.7918,0.0000,0.0000,0.0511,-0.3148,0.9478,-0.1317,-0.3191,0.9385,-0.0379,-0.3299,0.9433,-0.1182,-0.0117,0.3059,Dark,
6.2368,4.6059,5.7804,0.0000,0.0000,0.0604,-0.3133,0.9477,-0.1247,-0.3182,0.9398,-0.0296,-0.3288,0.9439,-0.1182,-0.0118,0.3059,Dark,
6.2480,4.6022,5.7683,0.0000,0.0000,0.0668,-0.3125,0.9476,-0.1198,-0.3178,0.9406,-0.0239,-0.3284,0.9443,-0.1183,-0.0118,0.3059,Dark,
6.2592,4.5915,5.7478,0.0000,0.0000,0.0701,-0.3127,0.9473,-0.1189,-0.3182,0.9405,-0.0217,-0.3288,0.9441,-0.1183,-0.0118,0.3059,Dark,
6.2703,4.5880,5.7389,0.0000,0.0000,0.0755,-0.3118,0.9472,-0.1144,-0.3176,0.9413,-0.0167,-0.3281,0.9445,-0.1183,-0.0118,0.3059,Dark,
6.2815,4.5852,5.7280,0.0000,0.0000,0.0745,-0.3123,0.9471,-0.1159,-0.3181,0.9409,-0.0179,-0.3287,0.9443,-0.1183,-0.0118,0.3060,Dark,
6.2925,4.5753,5.7084,0.0000,0.0000,0.0730,-0.3125,0.9471,-0.1178,-0.3183,0.9406,-0.0197,-0.3289,0.9441,-0.1184,-0.0118,0.3060,Dark,
6.3037,4.5686,5.7000,0.0000,0.0000,0.0727,-0.3125,0.9471,-0.1182,-0.3182,0.9406,-0.0200,-0.3289,0.9442,-0.1184,-0.0118,0.3061,Dark,
6.3149,4.5634,5.6799,0.0000,0.0000,0.0734,-0.3124,0.9471,-0.1173,-0.3181,0.9408,-0.0192,-0.3288,0.9442,-0.1184,-0.0118,0.3061,Dark,
6.3261,4.5544,5.6380,0.0000,0.0000,0.0716,-0.3128,0.9471,-0.1189,-0.3185,0.9405,-0.0209,-0.3291,0.9440,-0.1184,-0.0118,0.3061,Dark,
6.3381,4.5474,5.6178,0.0000,0.0000,0.0723,-0.3132,0.9469,-0.1181,-0.3188,0.9404,-0.0202,-0.3295,0.9439,-0.1184,-0.0119,0.3062,Dark,
6.3482,4.5420,5.6149,0.0000,0.0000,0.0716,-0.3135,0.9469,-0.1185,-0.3192,0.9403,-0.0207,-0.3298,0.9438,-0.1185,-0.0119,0.3062,Dark,
6.3594,4.5244,5.6094,0.0000,0.0000,0.0712,-0.3140,0.9467,-0.1183,-0.3196,0.9401,-0.0208,-0.3302,0.9437,-0.1185,-0.0119,0.3062,Dark,
6.3705,4.5128,5.6058,0.0000,0.0000,0.0711,-0.3145,0.9466,-0.1179,-0.3202,0.9400,-0.0207,-0.3307,0.9435,-0.1184,-0.0119,0.3062,Dark,
6.3818,4.5040,5.5940,0.0000,0.0000,0.0708,-0.3149,0.9465,-0.1181,-0.3205,0.9398,-0.0209,-0.3311,0.9434,-0.1184,-0.0119,0.3062,Dark,
6.3928,4.4990,5.5615,0.0000,0.0000,0.0696,-0.3157,0.9463,-0.1186,-0.3212,0.9395,-0.0218,-0.3318,0.9431,-0.1184,-0.0119,0.3063,Dark,
6.4040,4.4888,5.5448,0.0000,0.0000,0.0694,-0.3166,0.9460,-0.1184,-0.3221,0.9393,-0.0218,-0.3326,0.9428,-0.1183,-0.0120,0.3063,Dark,
6.4151,4.4808,5.5459,0.0000,0.0000,0.0695,-0.3172,0.9458,-0.1183,-0.3227,0.9391,-0.0217,-0.3333,0.9426,-0.1182,-0.0120,0.3063,Dark,
6.4263,4.4758,5.5512,0.0000,0.0000,0.0687,-0.3178,0.9457,-0.1189,-0.3233,0.9388,-0.0225,-0.3338,0.9424,-0.1181,-0.0120,0.3063,Dark,
6.4375,4.4739,5.5540,0.0000,0.0000,0.0688,-0.3181,0.9455,-0.1185,-0.3235,0.9388,-0.0222,-0.3341,0.9423,-0.1181,-0.0120,0.3063,Dark,
6.4485,4.4732,5.5600,0.0000,0.0000,0.0686,-0.3186,0.9454,-0.1187,-0.3240,0.9386,-0.0224,-0.3345,0.9421,-0.1180,-0.0121,0.3063,Dark,
6.4596,4.4783,5.5725,0.0000,0.0000,0.0676,-0.3191,0.9453,-0.1194,-0.3244,0.9384,-0.0232,-0.3350,0.9419,-0.1179,-0.0121,0.3063,Dark,
6.4709,4.4819,5.5799,0.0000,0.0000,0.0673,-0.3195,0.9452,-0.1195,-0.3248,0.9382,-0.0235,-0.3354,0.9418,-0.1178,-0.0120,0.3064,Dark,
6.4822,4.4912,5.5866,0.0000,0.0000,0.0666,-0.3199,0.9451,-0.1195,-0.3252,0.9381,-0.0238,-0.3357,0.9417,-0.1177,-0.0120,0.3064,Dark,
6.4931,4.4962,5.5879,0.0000,0.0000,0.0663,-0.3200,0.9451,-0.1195,-0.3253,0.9380,-0.0240,-0.3358,0.9416,-0.1176,-0.0120,0.3064,Dark,
6.5044,4.5001,5.5850,0.0000,0.0000,0.0661,-0.3202,0.9450,-0.1193,-0.3255,0.9380,-0.0240,-0.3360,0.9416,-0.1175,-0.0120,0.3064,Dark,
6.5154,4.5127,5.6095,0.0000,0.0000,0.0652,-0.3204,0.9450,-0.1193,-0.3255,0.9380,-0.0245,-0.3360,0.9415,-0.1174,-0.0120,0.3064,Dark,
6.5267,4.5204,5.6189,0.0000,0.0000,0.0646,-0.3207,0.9450,-0.1196,-0.3258,0.9379,-0.0250,-0.3362,0.9414,-0.1173,-0.0120,0.3064,Dark,
6.5379,4.5226,5.6309,0.0000,0.0000,0.0645,-0.3202,0.9452,-0.1193,-0.3252,0.9381,-0.0249,-0.3357,0.9416,-0.1172,-0.0120,0.3065,Dark,
6.5488,4.5251,5.6372,0.0000,0.0000,0.0637,-0.3201,0.9452,-0.1194,-0.3251,0.9381,-0.0253,-0.3355,0.9417,-0.1171,-0.0120,0.3065,Dark,
6.5599,4.5252,5.6365,0.0000,0.0000,0.0630,-0.3203,0.9452,-0.1199,-0.3252,0.9380,-0.0260,-0.3356,0.9416,-0.1170,-0.0120,0.3066,Dark,
6.5712,4.5306,5.6444,0.0000,0.0000,0.0626,-0.3200,0.9453,-0.1200,-0.3248,0.9381,-0.0262,-0.3353,0.9417,-0.1169,-0.0119,0.3066,Dark,
6.5824,4.5474,5.6600,0.0000,0.0000,0.0618,-0.3205,0.9452,-0.1203,-0.3252,0.9380,-0.0267,-0.3357,0.9416,-0.1169,-0.0120,0.3067,Dark,
6.5936,4.5571,5.6658,0.0000,0.0000,0.0611,-0.3208,0.9452,-0.1208,-0.3254,0.9378,-0.0274,-0.3360,0.9415,-0.1168,-0.0120,0.3067,Dark,
6.6045,4.5595,5.6883,0.0000,0.0000,0.0611,-0.3211,0.9451,-0.1206,-0.3257,0.9377,-0.0273,-0.3362,0.9414,-0.1167,-0.0120,0.3067,Dark,
6.6156,4.5598,5.7229,0.0000,0.0000,0.0605,-0.3217,0.9449,-0.1211,-0.3262,0.9375,-0.0279,-0.3367,0.9412,-0.1166,-0.0121,0.3067,Dark,
6.6267,4.5616,5.7337,0.0000,0.0000,0.0601,-0.3222,0.9448,-0.1213,-0.3267,0.9373,-0.0282,-0.3372,0.9410,-0.1165,-0.0122,0.3067,Dark,
6.6383,4.5623,5.7432,0.0000,0.0000,0.0599,-0.3227,0.9446,-0.1214,-0.3271,0.9372,-0.0283,-0.3377,0.9408,-0.1164,-0.0122,0.3068,Dark,
6.6490,4.5855,5.7615,0.0000,0.0000,0.0592,-0.3231,0.9445,-0.1220,-0.3275,0.9370,-0.0290,-0.3381,0.9407,-0.1163,-0.0123,0.3067,Dark,
6.6601,4.5961,5.7665,0.0000,0.0000,0.0591,-0.3234,0.9444,-0.1220,-0.3277,0.9369,-0.0290,-0.3383,0.9406,-0.1162,-0.0123,0.3068,Dark,
6.6715,4.6040,5.7786,0.0000,0.0000,0.0587,-0.3236,0.9444,-0.1224,-0.3278,0.9368,-0.0294,-0.3385,0.9405,-0.1161,-0.0124,0.3068,Dark,
6.6825,4.6315,5.8156,0.0000,0.0000,0.0581,-0.3237,0.9444,-0.1228,-0.3278,0.9367,-0.0299,-0.3385,0.9405,-0.1161,-0.0124,0.3068,Dark,
6.6935,4.6436,5.8274,0.0000,0.0000,0.0577,-0.3237,0.9444,-0.1232,-0.3278,0.9367,-0.0304,-0.3385,0.9405,-0.1160,-0.0124,0.3068,Dark,
6.7049,4.6524,5.8546,0.0000,0.0000,0.0591,-0.3224,0.9448,-0.1221,-0.3266,0.9373,-0.0291,-0.3373,0.9410,-0.1160,-0.0124,0.3068,Dark,
6.7159,4.6754,5.8955,0.0000,0.0000,0.0648,-0.3179,0.9459,-0.1163,-0.3224,0.9394,-0.0233,-0.3329,0.9427,-0.1160,-0.0125,0.3068,Dark,
6.7269,4.6832,5.9098,0.0000,0.0000,0.0679,-0.3158,0.9464,-0.1137,-0.3204,0.9404,-0.0204,-0.3309,0.9434,-0.1159,-0.0125,0.3068,Dark,
6.7383,4.6889,5.9167,0.0000,0.0000,0.0708,-0.3142,0.9467,-0.1112,-0.3190,0.9412,-0.0176,-0.3295,0.9440,-0.1159,-0.0125,0.3068,Dark,
6.7493,4.7033,5.9269,0.0000,0.0000,0.0756,-0.3119,0.9471,-0.1070,-0.3170,0.9424,-0.0130,-0.3273,0.9448,-0.1159,-0.0125,0.3067,Dark,
6.7603,4.7136,5.9321,0.0000,0.0000,0.0770,-0.3113,0.9472,-0.1058,-0.3164,0.9427,-0.0117,-0.3267,0.9450,-0.1159,-0.0126,0.3067,Dark,
6.7716,4.7217,5.9332,0.0000,0.0000,0.0777,-0.3111,0.9472,-0.1053,-0.3162,0.9428,-0.0111,-0.3265,0.9451,-0.1158,-0.0126,0.3067,Dark,
6.7830,4.7318,5.9453,0.0000,0.0000,0.0768,-0.3121,0.9469,-0.1062,-0.3171,0.9424,-0.0120,-0.3275,0.9448,-0.1158,-0.0125,0.3066,Dark,
6.7939,4.7307,5.9540,0.0000,0.0000,0.0793,-0.3101,0.9474,-0.1037,-0.3152,0.9433,-0.0095,-0.3256,0.9455,-0.1157,-0.0125,0.3066,Dark,
6.8060,4.7289,5.9599,0.0000,0.0000,0.0797,-0.3100,0.9474,-0.1034,-0.3152,0.9434,-0.0091,-0.3255,0.9455,-0.1157,-0.0125,0.3066,Dark,
6.8164,4.7569,5.9714,0.0000,0.0000,0.0796,-0.3103,0.9473,-0.1035,-0.3154,0.9433,-0.0092,-0.3257,0.9454,-0.1156,-0.0125,0.3066,Dark,
6.8273,4.7567,5.9760,0.0000,0.0000,0.0784,-0.3112,0.9471,-0.1048,-0.3162,0.9429,-0.0105,-0.3266,0.9451,-0.1156,-0.0125,0.3065,Dark,
6.8385,4.7566,5.9852,0.0000,0.0000,0.0776,-0.3118,0.9470,-0.1055,-0.3168,0.9426,-0.0113,-0.3272,0.9449,-0.1155,-0.0124,0.3065,Dark,
6.8503,4.7607,5.9987,0.0000,0.0000,0.0787,-0.3114,0.9470,-0.1043,-0.3164,0.9429,-0.0101,-0.3268,0.9450,-0.1155,-0.0124,0.3065,Dark,
6.8656,4.7662,6.0054,0.0000,0.0000,0.0780,-0.3118,0.9469,-0.1050,-0.3168,0.9426,-0.0108,-0.3273,0.9449,-0.1155,-0.0124,0.3064,Dark,
